{"type":"FeatureCollection","name":"SE-municipios","features":[{"type":"Feature","properties":{"ibge":"2800100","nm":"SÃO FRANCISCO","cd":"32379","i":73},"geometry":{"type":"Polygon","coordinates":[[[-36.918,-10.1247],[-36.9263,-10.1266],[-36.9335,-10.1212],[-36.9403,-10.1624],[-36.8835,-10.1487],[-36.888,-10.148],[-36.8916,-10.1422],[-36.8999,-10.139],[-36.9114,-10.1388],[-36.9162,-10.1303],[-36.918,-10.1247]]]}},{"type":"Feature","properties":{"ibge":"2800209","nm":"AQUIDABÃ","cd":"31038","i":19},"geometry":{"type":"Polygon","coordinates":[[[-36.9434,-10.2275],[-36.9612,-10.2357],[-36.9948,-10.1776],[-37.1504,-10.1631],[-37.1539,-10.1854],[-37.1506,-10.1879],[-37.1437,-10.1921],[-37.1362,-10.196],[-37.1407,-10.2021],[-37.1432,-10.2053],[-37.1463,-10.2136],[-37.1506,-10.2252],[-37.1501,-10.2329],[-37.1425,-10.2451],[-37.1408,-10.2514],[-37.1409,-10.2578],[-37.1393,-10.2609],[-37.1399,-10.2651],[-37.1382,-10.2745],[-37.1387,-10.2789],[-37.1443,-10.285],[-37.1473,-10.2884],[-37.1497,-10.2905],[-37.1504,-10.2946],[-37.1474,-10.3017],[-37.1496,-10.3055],[-37.1539,-10.3059],[-37.1529,-10.3105],[-37.1502,-10.3126],[-37.1498,-10.3231],[-37.1521,-10.3254],[-37.1553,-10.3277],[-37.1595,-10.3278],[-37.1654,-10.3328],[-37.1636,-10.3349],[-37.1641,-10.3398],[-37.1578,-10.3428],[-37.1572,-10.3458],[-37.154,-10.3472],[-37.1574,-10.3506],[-37.1565,-10.3535],[-37.1541,-10.3582],[-37.1595,-10.3613],[-37.1575,-10.3638],[-37.1568,-10.3655],[-37.1528,-10.3649],[-37.1531,-10.3672],[-37.1464,-10.3621],[-37.147,-10.3664],[-37.1448,-10.3649],[-37.1453,-10.3623],[-37.1396,-10.3623],[-37.1384,-10.3603],[-37.1348,-10.3616],[-37.1307,-10.3661],[-37.1288,-10.3688],[-37.1287,-10.3734],[-37.1206,-10.3705],[-37.1158,-10.37],[-37.1127,-10.3711],[-37.1089,-10.3703],[-37.1016,-10.3679],[-37.0995,-10.3657],[-37.0992,-10.3612],[-37.0948,-10.3563],[-37.0899,-10.3576],[-37.0864,-10.351],[-37.085,-10.3461],[-37.079,-10.3457],[-37.0776,-10.3389],[-37.0735,-10.3357],[-37.0693,-10.3325],[-37.0626,-10.3291],[-37.0594,-10.3342],[-37.0521,-10.3423],[-37.0485,-10.3365],[-37.0413,-10.3294],[-37.0373,-10.327],[-37.0329,-10.3274],[-37.028,-10.3288],[-37.0207,-10.332],[-36.9561,-10.29],[-36.929,-10.2228],[-36.9434,-10.2275]]]}},{"type":"Feature","properties":{"ibge":"2800308","nm":"ARACAJU","cd":"31054","i":3},"geometry":{"type":"Polygon","coordinates":[[[-37.1545,-11.1616],[-37.1522,-11.1554],[-37.1457,-11.1389],[-37.1372,-11.1213],[-37.1257,-11.1031],[-37.1014,-11.068],[-37.0793,-11.0353],[-37.0633,-11.0129],[-37.0515,-10.9986],[-37.0354,-10.9798],[-37.0355,-10.966],[-37.0346,-10.9573],[-37.0391,-10.9412],[-37.0398,-10.9258],[-37.044,-10.91],[-37.0435,-10.8898],[-37.0353,-10.8752],[-37.0394,-10.8655],[-37.0525,-10.8627],[-37.0592,-10.8664],[-37.0677,-10.8768],[-37.0714,-10.8674],[-37.0782,-10.8626],[-37.0876,-10.8688],[-37.0964,-10.8747],[-37.1033,-10.8774],[-37.0967,-10.8853],[-37.1028,-10.8856],[-37.1051,-10.891],[-37.1019,-10.8946],[-37.107,-10.9027],[-37.0914,-10.941],[-37.1203,-11.0149],[-37.1417,-11.0633],[-37.1491,-11.0558],[-37.1584,-11.0557],[-37.1701,-11.0714],[-37.1723,-11.0837],[-37.1621,-11.0938],[-37.1635,-11.1022],[-37.1642,-11.1211],[-37.1655,-11.1433],[-37.1617,-11.1547],[-37.1545,-11.1616]]]}},{"type":"Feature","properties":{"ibge":"2800407","nm":"ARAUÁ","cd":"31070","i":58},"geometry":{"type":"MultiPolygon","coordinates":[[[[-37.6562,-11.3404],[-37.6677,-11.334],[-37.6758,-11.3363],[-37.6751,-11.3442],[-37.6562,-11.3404]]],[[[-37.635,-11.347],[-37.6348,-11.3412],[-37.6359,-11.3408],[-37.6391,-11.3547],[-37.6384,-11.3555],[-37.635,-11.347]]],[[[-37.6536,-11.3331],[-37.6469,-11.3239],[-37.6594,-11.3237],[-37.6536,-11.3331]]],[[[-37.6634,-11.29],[-37.601,-11.3426],[-37.5971,-11.3345],[-37.5932,-11.3272],[-37.5848,-11.3252],[-37.5764,-11.323],[-37.572,-11.323],[-37.5641,-11.3178],[-37.5555,-11.3108],[-37.5489,-11.3041],[-37.5401,-11.3029],[-37.5292,-11.3051],[-37.5254,-11.2995],[-37.524,-11.2921],[-37.5154,-11.2875],[-37.5119,-11.2796],[-37.5084,-11.2735],[-37.5105,-11.2721],[-37.5143,-11.2673],[-37.5214,-11.2605],[-37.5259,-11.2542],[-37.5234,-11.2474],[-37.5254,-11.2406],[-37.5282,-11.2395],[-37.5286,-11.2343],[-37.5254,-11.2284],[-37.5275,-11.2259],[-37.532,-11.2276],[-37.5365,-11.2229],[-37.5346,-11.2094],[-37.5349,-11.2006],[-37.5328,-11.1958],[-37.5359,-11.1928],[-37.5375,-11.1878],[-37.5424,-11.1869],[-37.5455,-11.1857],[-37.547,-11.1828],[-37.5523,-11.1847],[-37.5562,-11.18],[-37.5543,-11.1768],[-37.5493,-11.1717],[-37.5749,-11.1875],[-37.5969,-11.2067],[-37.597,-11.2136],[-37.6029,-11.2136],[-37.6115,-11.2151],[-37.6185,-11.2155],[-37.6331,-11.2193],[-37.6383,-11.2188],[-37.6421,-11.2167],[-37.6518,-11.2199],[-37.661,-11.219],[-37.6633,-11.2254],[-37.6712,-11.2357],[-37.6697,-11.2404],[-37.6669,-11.245],[-37.6637,-11.2491],[-37.6635,-11.2822],[-37.6634,-11.29]]],[[[-37.6831,-11.3163],[-37.6815,-11.3209],[-37.6738,-11.3222],[-37.6763,-11.3005],[-37.6831,-11.3163]]]]}},{"type":"Feature","properties":{"ibge":"2800506","nm":"AREIA BRANCA","cd":"31097","i":22},"geometry":{"type":"Polygon","coordinates":[[[-37.2814,-10.7202],[-37.2872,-10.7233],[-37.294,-10.7255],[-37.2983,-10.7284],[-37.3014,-10.733],[-37.309,-10.7347],[-37.3127,-10.7376],[-37.3161,-10.7392],[-37.3142,-10.7356],[-37.3101,-10.7295],[-37.3168,-10.7307],[-37.3318,-10.7259],[-37.3617,-10.7385],[-37.4022,-10.825],[-37.4069,-10.8322],[-37.4034,-10.8391],[-37.4048,-10.843],[-37.3975,-10.8479],[-37.3877,-10.8511],[-37.3784,-10.8511],[-37.3705,-10.8522],[-37.357,-10.8476],[-37.3513,-10.8499],[-37.3439,-10.8477],[-37.3385,-10.8442],[-37.3336,-10.837],[-37.3235,-10.8321],[-37.3181,-10.8322],[-37.2445,-10.7784],[-37.2692,-10.7493],[-37.2753,-10.744],[-37.2815,-10.738],[-37.2831,-10.7317],[-37.2789,-10.724],[-37.2814,-10.7202]]]}},{"type":"Feature","properties":{"ibge":"2800605","nm":"BARRA DOS COQUEIROS","cd":"31119","i":27},"geometry":{"type":"Polygon","coordinates":[[[-36.8728,-10.7412],[-36.8786,-10.7405],[-36.884,-10.7479],[-36.8871,-10.7562],[-36.9028,-10.7742],[-36.9051,-10.7765],[-36.9103,-10.7773],[-36.9209,-10.785],[-36.9249,-10.7863],[-36.9272,-10.7865],[-36.9329,-10.7864],[-36.9356,-10.7887],[-36.9367,-10.7912],[-36.9403,-10.7962],[-36.9473,-10.7979],[-36.9532,-10.8039],[-36.9576,-10.8089],[-36.9603,-10.8135],[-36.9604,-10.8178],[-36.9653,-10.8205],[-36.9667,-10.8273],[-36.9746,-10.8332],[-36.9801,-10.8347],[-36.9841,-10.8345],[-36.9867,-10.8347],[-36.9844,-10.8384],[-36.9813,-10.8441],[-36.9849,-10.8502],[-36.9936,-10.8543],[-36.9985,-10.8607],[-37.0063,-10.8595],[-37.0105,-10.8647],[-37.0152,-10.8669],[-37.0171,-10.876],[-37.0225,-10.8802],[-37.03,-10.8861],[-37.0435,-10.8898],[-37.044,-10.91],[-37.0398,-10.9258],[-37.0391,-10.9412],[-37.0346,-10.9573],[-37.0292,-10.9539],[-37.0235,-10.9461],[-37.0079,-10.9212],[-36.9941,-10.9033],[-36.9733,-10.8765],[-36.9531,-10.8515],[-36.9328,-10.833],[-36.924,-10.8205],[-36.9102,-10.8047],[-36.8903,-10.7827],[-36.8675,-10.7581],[-36.8527,-10.7442],[-36.8613,-10.7429],[-36.866,-10.7414],[-36.8717,-10.7427],[-36.8728,-10.7412]]]}},{"type":"Feature","properties":{"ibge":"2800670","nm":"BOQUIM","cd":"31151","i":33},"geometry":{"type":"Polygon","coordinates":[[[-37.7045,-11.1918],[-37.6863,-11.1749],[-37.6831,-11.181],[-37.6803,-11.1891],[-37.6732,-11.1865],[-37.6448,-11.1936],[-37.6297,-11.1994],[-37.6209,-11.2004],[-37.6115,-11.2016],[-37.6053,-11.2005],[-37.6012,-11.2006],[-37.5749,-11.1875],[-37.5497,-11.162],[-37.5532,-11.1588],[-37.5535,-11.1525],[-37.5473,-11.1555],[-37.5444,-11.1504],[-37.545,-11.1459],[-37.5412,-11.1419],[-37.5508,-11.1413],[-37.5287,-11.0539],[-37.5685,-11.0289],[-37.57,-11.0348],[-37.5652,-11.0401],[-37.616,-11.0686],[-37.6153,-11.0738],[-37.6119,-11.0774],[-37.6168,-11.0805],[-37.6197,-11.0827],[-37.62,-11.0859],[-37.6293,-11.084],[-37.633,-11.0815],[-37.6468,-11.1206],[-37.6766,-11.1515],[-37.7063,-11.1753],[-37.702,-11.1801],[-37.7023,-11.1846],[-37.7049,-11.1883],[-37.7045,-11.1918]]]}},{"type":"Feature","properties":{"ibge":"2800704","nm":"BREJO GRANDE","cd":"31135","i":48},"geometry":{"type":"Polygon","coordinates":[[[-36.5854,-10.4997],[-36.4846,-10.5286],[-36.4895,-10.5321],[-36.4964,-10.5356],[-36.4862,-10.5364],[-36.4592,-10.5263],[-36.4538,-10.5235],[-36.4368,-10.5171],[-36.4234,-10.5147],[-36.4105,-10.5133],[-36.4072,-10.5085],[-36.4017,-10.5035],[-36.3959,-10.4969],[-36.4067,-10.479],[-36.4128,-10.4654],[-36.4248,-10.438],[-36.4371,-10.4251],[-36.4515,-10.4137],[-36.4666,-10.4095],[-36.4832,-10.4213],[-36.4841,-10.4372],[-36.5132,-10.4468],[-36.5285,-10.4664],[-36.5854,-10.4997]]]}},{"type":"Feature","properties":{"ibge":"2801009","nm":"CAMPO DO BRITO","cd":"31194","i":0},"geometry":{"type":"Polygon","coordinates":[[[-37.595,-10.6957],[-37.5898,-10.7013],[-37.5887,-10.7057],[-37.5865,-10.7101],[-37.5859,-10.7164],[-37.56,-10.7573],[-37.565,-10.7646],[-37.5638,-10.7721],[-37.5598,-10.7787],[-37.5557,-10.7821],[-37.5496,-10.7836],[-37.5423,-10.7817],[-37.5385,-10.782],[-37.5351,-10.7845],[-37.5306,-10.785],[-37.5266,-10.7867],[-37.5303,-10.7898],[-37.5234,-10.7922],[-37.5202,-10.7951],[-37.5228,-10.7998],[-37.5165,-10.7985],[-37.517,-10.8034],[-37.5212,-10.8057],[-37.5245,-10.8099],[-37.5217,-10.8112],[-37.5203,-10.8146],[-37.5245,-10.819],[-37.5218,-10.821],[-37.5154,-10.824],[-37.5116,-10.8255],[-37.5054,-10.8255],[-37.5017,-10.8283],[-37.4974,-10.8324],[-37.4941,-10.8311],[-37.4895,-10.8319],[-37.4888,-10.836],[-37.4846,-10.8381],[-37.4783,-10.8429],[-37.4807,-10.8489],[-37.483,-10.8539],[-37.4787,-10.8589],[-37.4757,-10.8552],[-37.4701,-10.8516],[-37.4645,-10.8584],[-37.4622,-10.8666],[-37.457,-10.8707],[-37.4578,-10.8775],[-37.4558,-10.8817],[-37.4022,-10.825],[-37.4491,-10.7897],[-37.4466,-10.7826],[-37.4413,-10.7839],[-37.4423,-10.7755],[-37.4466,-10.7747],[-37.4516,-10.7701],[-37.4487,-10.7672],[-37.4503,-10.7643],[-37.451,-10.7574],[-37.4505,-10.75],[-37.4499,-10.7457],[-37.4501,-10.7417],[-37.4516,-10.7367],[-37.4543,-10.7307],[-37.4556,-10.7272],[-37.457,-10.7232],[-37.4603,-10.7202],[-37.4617,-10.7157],[-37.468,-10.7098],[-37.4739,-10.7103],[-37.4772,-10.7061],[-37.4822,-10.6994],[-37.4868,-10.6975],[-37.493,-10.6952],[-37.5003,-10.6922],[-37.5097,-10.6898],[-37.5237,-10.6888],[-37.5331,-10.689],[-37.5371,-10.6951],[-37.5438,-10.6967],[-37.5543,-10.6965],[-37.561,-10.6915],[-37.5674,-10.69],[-37.5761,-10.6885],[-37.5801,-10.684],[-37.586,-10.681],[-37.5879,-10.6855],[-37.5906,-10.6932],[-37.595,-10.6957]]]}},{"type":"Feature","properties":{"ibge":"2801108","nm":"CANHOBA","cd":"31216","i":35},"geometry":{"type":"Polygon","coordinates":[[[-37.1504,-10.1631],[-36.9948,-10.1776],[-36.9612,-10.2357],[-36.9434,-10.2275],[-36.9347,-10.1207],[-36.9269,-10.1257],[-36.9231,-10.1267],[-36.9253,-10.1158],[-36.9276,-10.1035],[-36.935,-10.0946],[-36.9446,-10.089],[-36.9476,-10.0777],[-36.9484,-10.0696],[-37.0163,-10.1102],[-37.0316,-10.124],[-37.0329,-10.132],[-37.0389,-10.1362],[-37.04,-10.1335],[-37.0433,-10.1338],[-37.0462,-10.1298],[-37.0469,-10.1246],[-37.0513,-10.1277],[-37.054,-10.1281],[-37.0559,-10.13],[-37.0586,-10.1323],[-37.0616,-10.1353],[-37.146,-10.1617],[-37.1504,-10.1631]]]}},{"type":"Feature","properties":{"ibge":"2801207","nm":"CANINDÉ DE SÃO FRANCISCO","cd":"31232","i":7},"geometry":{"type":"Polygon","coordinates":[[[-37.6659,-9.6659],[-37.6704,-9.656],[-37.6815,-9.6463],[-37.6897,-9.643],[-37.6999,-9.6369],[-37.7068,-9.6334],[-37.7117,-9.6302],[-37.7198,-9.6307],[-37.73,-9.6286],[-37.7391,-9.6256],[-37.747,-9.6249],[-37.7576,-9.629],[-37.766,-9.6322],[-37.7782,-9.6366],[-37.7865,-9.6387],[-37.7898,-9.6339],[-37.7899,-9.629],[-37.7931,-9.6206],[-37.8071,-9.6101],[-37.8113,-9.6017],[-37.8198,-9.5917],[-37.8331,-9.5949],[-37.8353,-9.5885],[-37.8422,-9.5794],[-37.8561,-9.5705],[-37.877,-9.5556],[-37.8912,-9.5416],[-37.8959,-9.5401],[-37.9171,-9.549],[-37.9286,-9.5456],[-37.9482,-9.5388],[-37.9741,-9.5321],[-37.9893,-9.5274],[-38.0033,-9.515],[-38.0081,-9.5225],[-38.015,-9.5355],[-38.0226,-9.5405],[-38.0239,-9.5485],[-38.0193,-9.5545],[-38.0209,-9.5609],[-38.0196,-9.5636],[-38.0266,-9.5681],[-38.0284,-9.575],[-38.0309,-9.5685],[-38.0373,-9.5692],[-38.042,-9.5735],[-38.0398,-9.5782],[-38.0387,-9.5824],[-38.0434,-9.5832],[-38.0466,-9.5865],[-38.0539,-9.5873],[-38.061,-9.5876],[-38.0611,-9.592],[-38.059,-9.5964],[-38.0573,-9.6012],[-38.0526,-9.6057],[-38.0558,-9.6138],[-38.0524,-9.6203],[-38.0521,-9.6287],[-38.055,-9.6318],[-38.0484,-9.6323],[-38.0369,-9.6282],[-38.0338,-9.6337],[-38.0306,-9.6355],[-38.0196,-9.6372],[-38.0167,-9.6419],[-38.0135,-9.6463],[-38.0093,-9.6499],[-38.0182,-9.6563],[-38.023,-9.6598],[-38.0254,-9.6559],[-38.0343,-9.6867],[-38.0392,-9.6864],[-38.0425,-9.6914],[-38.045,-9.6978],[-38.0436,-9.7066],[-38.0436,-9.7156],[-38.0433,-9.7234],[-38.0394,-9.7276],[-38.0412,-9.7326],[-38.0368,-9.7397],[-38.0372,-9.7467],[-38.0365,-9.7516],[-38.0331,-9.757],[-38.0315,-9.7615],[-38.0325,-9.7682],[-38.0322,-9.7708],[-38.0284,-9.7742],[-38.0267,-9.7753],[-38.0201,-9.7776],[-38.0179,-9.7839],[-38.0216,-9.788],[-38.0194,-9.7946],[-38.0203,-9.7983],[-38.0159,-9.8047],[-38.0085,-9.8088],[-38.0053,-9.8128],[-38,-9.8143],[-38.0003,-9.8188],[-37.9991,-9.8275],[-37.9999,-9.8317],[-38.0031,-9.8383],[-38.0014,-9.8428],[-37.9954,-9.8461],[-38.0001,-9.8518],[-38.0024,-9.8572],[-38.01,-9.854],[-38.012,-9.8588],[-38.0088,-9.8621],[-38.0058,-9.8692],[-38.0022,-9.8737],[-37.9952,-9.8784],[-37.9947,-9.8838],[-37.993,-9.8894],[-37.9935,-9.8961],[-37.9942,-9.9014],[-37.9984,-9.9059],[-38.0017,-9.9036],[-38.001,-9.9071],[-37.9981,-9.9126],[-37.9949,-9.9186],[-37.9886,-9.9203],[-37.9842,-9.9179],[-37.9828,-9.9244],[-37.9806,-9.9293],[-37.975,-9.9369],[-37.9666,-9.9378],[-37.9626,-9.9401],[-37.9554,-9.943],[-37.9472,-9.9414],[-37.9412,-9.9388],[-37.9371,-9.9385],[-37.9328,-9.9364],[-37.9291,-9.9309],[-37.9252,-9.9276],[-37.9185,-9.924],[-37.9179,-9.92],[-37.9123,-9.9185],[-37.9095,-9.9154],[-37.9076,-9.9109],[-37.9021,-9.9189],[-37.8995,-9.9134],[-37.8915,-9.9141],[-37.8853,-9.9126],[-37.8771,-9.9085],[-37.8699,-9.9012],[-37.8655,-9.8962],[-37.8705,-9.8898],[-37.8718,-9.8834],[-37.8715,-9.8776],[-37.8712,-9.8677],[-37.867,-9.8474],[-37.867,-9.836],[-37.8631,-9.8224],[-37.8599,-9.8057],[-37.8548,-9.7934],[-37.8531,-9.7777],[-37.8436,-9.7693],[-37.844,-9.7492],[-37.8348,-9.7213],[-37.8233,-9.7015],[-37.6659,-9.6659]]]}},{"type":"Feature","properties":{"ibge":"2801306","nm":"CAPELA","cd":"31259","i":36},"geometry":{"type":"Polygon","coordinates":[[[-37.1387,-10.4701],[-37.1311,-10.4723],[-37.1245,-10.4752],[-37.1186,-10.4797],[-37.114,-10.4852],[-37.1112,-10.4959],[-37.1045,-10.5029],[-37.1015,-10.5114],[-37.1025,-10.5193],[-37.1027,-10.5226],[-37.1024,-10.5306],[-37.0666,-10.5328],[-37.0661,-10.5409],[-37.0683,-10.5461],[-37.0704,-10.5521],[-37.0732,-10.5577],[-37.0735,-10.5632],[-37.0703,-10.5708],[-37.0695,-10.575],[-37.0744,-10.5782],[-37.077,-10.5842],[-37.0736,-10.5888],[-37.0684,-10.5907],[-37.0654,-10.5953],[-37.0656,-10.5985],[-37.0652,-10.6025],[-37.0651,-10.6064],[-37.0691,-10.6112],[-37.0718,-10.6151],[-37.0204,-10.6361],[-36.9755,-10.5416],[-36.9453,-10.4851],[-36.9375,-10.4507],[-36.9397,-10.4487],[-36.9422,-10.4447],[-36.9491,-10.4424],[-36.9545,-10.4438],[-36.9591,-10.442],[-36.9624,-10.438],[-36.9646,-10.4355],[-36.9659,-10.4324],[-36.9671,-10.4291],[-36.97,-10.4214],[-36.9744,-10.4177],[-36.9768,-10.4126],[-36.9807,-10.4088],[-36.9826,-10.4046],[-36.9835,-10.4024],[-36.9811,-10.3986],[-36.9807,-10.3981],[-36.9828,-10.394],[-36.985,-10.3914],[-36.9858,-10.3856],[-36.9831,-10.3822],[-36.9812,-10.3791],[-36.9794,-10.3743],[-36.9786,-10.3718],[-36.9818,-10.3708],[-36.9874,-10.3684],[-36.9881,-10.3653],[-36.9915,-10.3631],[-36.9934,-10.3611],[-36.9953,-10.3584],[-36.9979,-10.3525],[-36.9968,-10.3488],[-36.9961,-10.3422],[-36.9993,-10.3367],[-36.9989,-10.3303],[-37.0023,-10.3292],[-37.0065,-10.3266],[-37.0119,-10.3285],[-37.0147,-10.3306],[-37.0207,-10.332],[-37.028,-10.3288],[-37.0329,-10.3274],[-37.0373,-10.327],[-37.0413,-10.3294],[-37.0485,-10.3365],[-37.0521,-10.3423],[-37.0594,-10.3342],[-37.0626,-10.3291],[-37.0693,-10.3325],[-37.0735,-10.3357],[-37.0776,-10.3389],[-37.079,-10.3457],[-37.085,-10.3461],[-37.0864,-10.351],[-37.0899,-10.3576],[-37.0948,-10.3563],[-37.0992,-10.3612],[-37.0995,-10.3657],[-37.1016,-10.3679],[-37.1089,-10.3703],[-37.1127,-10.3711],[-37.1158,-10.37],[-37.1206,-10.3705],[-37.1265,-10.3766],[-37.1292,-10.3802],[-37.1317,-10.3819],[-37.1293,-10.3858],[-37.125,-10.3844],[-37.121,-10.3879],[-37.1172,-10.3908],[-37.1188,-10.3923],[-37.1194,-10.3968],[-37.1167,-10.4008],[-37.112,-10.3982],[-37.1073,-10.4003],[-37.1123,-10.4],[-37.1102,-10.4028],[-37.1145,-10.4083],[-37.118,-10.4122],[-37.1118,-10.4121],[-37.1102,-10.4178],[-37.1113,-10.4195],[-37.1132,-10.4333],[-37.1171,-10.4386],[-37.1214,-10.4436],[-37.1279,-10.4463],[-37.1372,-10.4541],[-37.1387,-10.4701]]]}},{"type":"Feature","properties":{"ibge":"2801405","nm":"CARIRA","cd":"31275","i":26},"geometry":{"type":"Polygon","coordinates":[[[-37.5966,-10.2505],[-37.6004,-10.244],[-37.6037,-10.2411],[-37.6068,-10.2406],[-37.6079,-10.2437],[-37.6103,-10.248],[-37.6134,-10.2478],[-37.6165,-10.2423],[-37.6198,-10.243],[-37.6256,-10.2419],[-37.6307,-10.2386],[-37.6356,-10.2349],[-37.6421,-10.2313],[-37.6469,-10.2272],[-37.6499,-10.2239],[-37.654,-10.218],[-37.6634,-10.2133],[-37.6692,-10.211],[-37.6747,-10.2068],[-37.6816,-10.2096],[-37.6869,-10.2058],[-37.691,-10.2043],[-37.6957,-10.2076],[-37.6999,-10.201],[-37.7005,-10.1964],[-37.7073,-10.1916],[-37.716,-10.1892],[-37.7201,-10.1878],[-37.7242,-10.1893],[-37.7297,-10.193],[-37.7377,-10.1946],[-37.7427,-10.1966],[-37.747,-10.1983],[-37.7526,-10.1984],[-37.7587,-10.1965],[-37.7471,-10.2381],[-37.7556,-10.2434],[-37.7624,-10.2488],[-37.7532,-10.2605],[-37.7483,-10.2675],[-37.749,-10.2732],[-37.7493,-10.2823],[-37.7511,-10.2904],[-37.7605,-10.2914],[-37.7661,-10.2894],[-37.7451,-10.3136],[-37.7456,-10.3397],[-37.7534,-10.3418],[-37.7593,-10.3421],[-37.7672,-10.3416],[-37.7703,-10.3449],[-37.777,-10.3438],[-37.7809,-10.3455],[-37.7856,-10.3477],[-37.787,-10.351],[-37.7885,-10.3568],[-37.7943,-10.3578],[-37.7971,-10.3621],[-37.8026,-10.3639],[-37.8071,-10.3673],[-37.8117,-10.3663],[-37.8145,-10.3701],[-37.8193,-10.3712],[-37.8209,-10.3739],[-37.8247,-10.3769],[-37.8285,-10.3745],[-37.8337,-10.3772],[-37.8381,-10.3785],[-37.8368,-10.3824],[-37.8332,-10.3857],[-37.8378,-10.3864],[-37.8411,-10.3902],[-37.8418,-10.3963],[-37.8388,-10.3994],[-37.8404,-10.4033],[-37.8485,-10.4062],[-37.8534,-10.4106],[-37.8505,-10.4165],[-37.8527,-10.4213],[-37.854,-10.4258],[-37.8591,-10.4268],[-37.8573,-10.432],[-37.8525,-10.4389],[-37.8477,-10.4435],[-37.8426,-10.4492],[-37.8398,-10.4564],[-37.8373,-10.4609],[-37.8341,-10.4645],[-37.8324,-10.4679],[-37.8287,-10.4744],[-37.8235,-10.4803],[-37.8211,-10.4848],[-37.8195,-10.4908],[-37.8176,-10.4971],[-37.8172,-10.5023],[-37.8138,-10.5057],[-37.8152,-10.5122],[-37.8158,-10.5158],[-37.8103,-10.5154],[-37.8057,-10.5129],[-37.8005,-10.511],[-37.7895,-10.5109],[-37.7867,-10.512],[-37.7812,-10.5105],[-37.7756,-10.5077],[-37.7693,-10.5078],[-37.7626,-10.5082],[-37.7538,-10.5114],[-37.7463,-10.5132],[-37.7398,-10.5139],[-37.7302,-10.5163],[-37.7264,-10.5109],[-37.6247,-10.4122],[-37.577,-10.3669],[-37.5769,-10.3594],[-37.5784,-10.353],[-37.5797,-10.3429],[-37.5785,-10.3302],[-37.6114,-10.2775],[-37.5966,-10.2505]]]}},{"type":"Feature","properties":{"ibge":"2801504","nm":"CARMÓPOLIS","cd":"31291","i":38},"geometry":{"type":"Polygon","coordinates":[[[-37.0113,-10.6758],[-36.9166,-10.6856],[-36.9179,-10.6897],[-36.9196,-10.697],[-36.9146,-10.6999],[-36.911,-10.7035],[-36.9092,-10.7005],[-36.9045,-10.6946],[-36.9011,-10.6919],[-36.9048,-10.684],[-36.9082,-10.6785],[-36.9119,-10.6782],[-36.9185,-10.6781],[-36.9247,-10.6736],[-36.9293,-10.6645],[-36.9313,-10.6585],[-36.9367,-10.6538],[-36.9503,-10.6507],[-36.9601,-10.6499],[-36.9638,-10.6466],[-36.966,-10.6409],[-36.9687,-10.6352],[-37.0113,-10.6413],[-37.0108,-10.6477],[-37.011,-10.6536],[-37.0101,-10.6616],[-37.011,-10.6669],[-37.0119,-10.6711],[-37.0113,-10.6758]]]}},{"type":"Feature","properties":{"ibge":"2801603","nm":"CEDRO DE SÃO JOÃO","cd":"31313","i":70},"geometry":{"type":"Polygon","coordinates":[[[-36.9027,-10.3242],[-36.8916,-10.3111],[-36.8809,-10.2968],[-36.871,-10.292],[-36.8636,-10.2838],[-36.8562,-10.2789],[-36.8506,-10.2725],[-36.8474,-10.2657],[-36.8485,-10.2403],[-36.929,-10.2228],[-36.9359,-10.3067],[-36.9027,-10.3242]]]}},{"type":"Feature","properties":{"ibge":"2801702","nm":"CRISTINÁPOLIS","cd":"31330","i":12},"geometry":{"type":"Polygon","coordinates":[[[-37.8,-11.5214],[-37.7953,-11.5189],[-37.7897,-11.5249],[-37.7811,-11.5246],[-37.7758,-11.5254],[-37.7732,-11.5286],[-37.7666,-11.5312],[-37.7628,-11.5274],[-37.7568,-11.5265],[-37.7535,-11.5307],[-37.7516,-11.5343],[-37.743,-11.5378],[-37.7362,-11.5364],[-37.7304,-11.538],[-37.7309,-11.5456],[-37.728,-11.55],[-37.7256,-11.553],[-37.7231,-11.5511],[-37.7187,-11.5498],[-37.7116,-11.5529],[-37.7059,-11.5473],[-37.7052,-11.5427],[-37.7004,-11.5431],[-37.696,-11.5453],[-37.6961,-11.554],[-37.6984,-11.5577],[-37.7001,-11.5622],[-37.6913,-11.5637],[-37.6875,-11.5648],[-37.6849,-11.5615],[-37.6786,-11.5667],[-37.6734,-11.5685],[-37.6707,-11.5654],[-37.6714,-11.5611],[-37.6703,-11.5563],[-37.6682,-11.5535],[-37.6649,-11.5501],[-37.6622,-11.5442],[-37.6625,-11.5362],[-37.6618,-11.531],[-37.6572,-11.5329],[-37.6523,-11.5271],[-37.6501,-11.5169],[-37.6448,-11.524],[-37.6393,-11.519],[-37.6323,-11.5181],[-37.6356,-11.5134],[-37.6363,-11.5067],[-37.6375,-11.5015],[-37.6487,-11.5],[-37.6451,-11.4962],[-37.6476,-11.4921],[-37.6465,-11.4866],[-37.6514,-11.4839],[-37.6534,-11.4788],[-37.6607,-11.4842],[-37.6637,-11.4826],[-37.6702,-11.4791],[-37.6735,-11.4763],[-37.676,-11.4697],[-37.6738,-11.4669],[-37.6743,-11.4609],[-37.6717,-11.4553],[-37.6743,-11.4518],[-37.6758,-11.4466],[-37.6823,-11.4434],[-37.6818,-11.4393],[-37.6852,-11.4378],[-37.6868,-11.4336],[-37.6911,-11.4323],[-37.6928,-11.4257],[-37.6961,-11.4218],[-37.7007,-11.4215],[-37.7029,-11.4175],[-37.7094,-11.4124],[-37.713,-11.4094],[-37.7205,-11.4076],[-37.7225,-11.3991],[-37.7284,-11.4021],[-37.7328,-11.403],[-37.7362,-11.4082],[-37.7418,-11.409],[-37.7475,-11.4073],[-37.7497,-11.4003],[-37.7518,-11.4036],[-37.7531,-11.4053],[-37.7584,-11.4057],[-37.7614,-11.4055],[-37.7652,-11.4085],[-37.7687,-11.4123],[-37.7713,-11.416],[-37.7762,-11.4169],[-37.785,-11.4136],[-37.7898,-11.4184],[-37.7913,-11.4238],[-37.7978,-11.4264],[-37.8014,-11.4293],[-37.8036,-11.4353],[-37.809,-11.4389],[-37.8081,-11.4446],[-37.8076,-11.4507],[-37.8102,-11.4568],[-37.815,-11.4628],[-37.8155,-11.4679],[-37.8204,-11.4717],[-37.8271,-11.4754],[-37.8314,-11.4794],[-37.8324,-11.4839],[-37.828,-11.4881],[-37.8244,-11.4911],[-37.817,-11.4923],[-37.8131,-11.4944],[-37.8088,-11.496],[-37.813,-11.5016],[-37.8175,-11.4994],[-37.8176,-11.5054],[-37.8146,-11.5107],[-37.8124,-11.5169],[-37.8069,-11.5175],[-37.8024,-11.5201],[-37.8,-11.5214]]]}},{"type":"Feature","properties":{"ibge":"2801900","nm":"CUMBE","cd":"31372","i":37},"geometry":{"type":"Polygon","coordinates":[[[-37.2396,-10.298],[-37.2358,-10.3037],[-37.2412,-10.3111],[-37.2491,-10.3186],[-37.2471,-10.3278],[-37.2452,-10.3332],[-37.241,-10.3385],[-37.2408,-10.3465],[-37.2413,-10.3517],[-37.2397,-10.3596],[-37.2325,-10.3636],[-37.2312,-10.3711],[-37.2265,-10.3795],[-37.21,-10.3967],[-37.2071,-10.4022],[-37.2009,-10.4033],[-37.1954,-10.4046],[-37.1885,-10.4068],[-37.1846,-10.4122],[-37.1814,-10.4157],[-37.1763,-10.4159],[-37.1703,-10.4156],[-37.1639,-10.4142],[-37.1623,-10.4106],[-37.1577,-10.4107],[-37.1541,-10.4119],[-37.1495,-10.4172],[-37.147,-10.4178],[-37.1396,-10.4155],[-37.137,-10.4102],[-37.1339,-10.4068],[-37.1288,-10.4102],[-37.1243,-10.4096],[-37.1206,-10.4067],[-37.1175,-10.4093],[-37.1104,-10.4042],[-37.1134,-10.4002],[-37.1085,-10.4005],[-37.1099,-10.4001],[-37.1157,-10.4006],[-37.1195,-10.399],[-37.1173,-10.394],[-37.1196,-10.3907],[-37.1191,-10.3873],[-37.1243,-10.386],[-37.1287,-10.3848],[-37.1327,-10.3827],[-37.1277,-10.3814],[-37.1271,-10.3778],[-37.1287,-10.3734],[-37.1288,-10.3688],[-37.1307,-10.3661],[-37.1348,-10.3616],[-37.1384,-10.3603],[-37.1396,-10.3623],[-37.1453,-10.3623],[-37.1448,-10.3649],[-37.147,-10.3664],[-37.1464,-10.3621],[-37.1531,-10.3672],[-37.1528,-10.3649],[-37.1568,-10.3655],[-37.1575,-10.3638],[-37.1595,-10.3613],[-37.1541,-10.3582],[-37.1565,-10.3535],[-37.1574,-10.3506],[-37.154,-10.3472],[-37.1572,-10.3458],[-37.1578,-10.3428],[-37.1641,-10.3398],[-37.1689,-10.3399],[-37.1716,-10.3402],[-37.173,-10.3329],[-37.1687,-10.3324],[-37.1668,-10.3276],[-37.1726,-10.3245],[-37.1706,-10.3214],[-37.1706,-10.3175],[-37.1719,-10.3133],[-37.1744,-10.3107],[-37.1812,-10.3101],[-37.1827,-10.3094],[-37.1829,-10.3057],[-37.1865,-10.3015],[-37.1897,-10.3011],[-37.1944,-10.3013],[-37.1977,-10.3001],[-37.2003,-10.2962],[-37.2046,-10.299],[-37.2098,-10.296],[-37.2107,-10.3006],[-37.2178,-10.2989],[-37.2211,-10.297],[-37.2269,-10.2952],[-37.2282,-10.2894],[-37.2317,-10.2831],[-37.2355,-10.2808],[-37.2365,-10.2756],[-37.2384,-10.2724],[-37.2409,-10.2663],[-37.2433,-10.2613],[-37.2488,-10.2571],[-37.2537,-10.25],[-37.2573,-10.2453],[-37.2599,-10.2398],[-37.2929,-10.2558],[-37.2867,-10.2559],[-37.2764,-10.262],[-37.27,-10.2624],[-37.2605,-10.2681],[-37.2573,-10.2726],[-37.2561,-10.2802],[-37.2479,-10.2838],[-37.2415,-10.2893],[-37.2396,-10.298]]]}},{"type":"Feature","properties":{"ibge":"2802007","nm":"DIVINA PASTORA","cd":"31399","i":59},"geometry":{"type":"Polygon","coordinates":[[[-37.2041,-10.6242],[-37.2004,-10.6276],[-37.1928,-10.6269],[-37.1879,-10.6326],[-37.1849,-10.64],[-37.1803,-10.6445],[-37.1832,-10.6488],[-37.1815,-10.6542],[-37.1895,-10.6574],[-37.1868,-10.661],[-37.1927,-10.6662],[-37.1902,-10.6696],[-37.1922,-10.6766],[-37.1981,-10.676],[-37.1971,-10.6812],[-37.1988,-10.6892],[-37.1973,-10.693],[-37.2,-10.6957],[-37.203,-10.6989],[-37.2048,-10.7027],[-37.205,-10.7083],[-37.202,-10.7147],[-37.1988,-10.7198],[-37.2039,-10.7214],[-37.2063,-10.7252],[-37.1987,-10.725],[-37.1918,-10.7283],[-37.1854,-10.7246],[-37.1828,-10.718],[-37.1791,-10.7175],[-37.1755,-10.7219],[-37.1685,-10.7242],[-37.1686,-10.7302],[-37.1706,-10.7342],[-37.1597,-10.7357],[-37.1625,-10.7408],[-37.1621,-10.7491],[-37.1574,-10.7473],[-37.158,-10.7419],[-37.1511,-10.7385],[-37.1511,-10.7347],[-37.1541,-10.7263],[-37.1508,-10.7204],[-37.1471,-10.7159],[-37.1445,-10.708],[-37.1432,-10.7021],[-37.1155,-10.6849],[-37.0902,-10.6545],[-37.0884,-10.6471],[-37.0927,-10.6383],[-37.0958,-10.6416],[-37.1028,-10.6445],[-37.1074,-10.6444],[-37.1125,-10.6472],[-37.1235,-10.6484],[-37.1293,-10.6502],[-37.1373,-10.6489],[-37.1436,-10.6401],[-37.1434,-10.6252],[-37.1499,-10.6255],[-37.1532,-10.6283],[-37.1575,-10.6252],[-37.1513,-10.6225],[-37.2073,-10.6076],[-37.2024,-10.6158],[-37.2041,-10.6242]]]}},{"type":"Feature","properties":{"ibge":"2802106","nm":"ESTÂNCIA","cd":"31410","i":29},"geometry":{"type":"Polygon","coordinates":[[[-37.5233,-11.2993],[-37.5154,-11.2992],[-37.5075,-11.303],[-37.5029,-11.3027],[-37.4954,-11.3041],[-37.489,-11.3023],[-37.4819,-11.3048],[-37.4772,-11.3086],[-37.4712,-11.3091],[-37.4638,-11.3096],[-37.4583,-11.3078],[-37.4535,-11.3018],[-37.45,-11.2972],[-37.4407,-11.2955],[-37.4392,-11.3],[-37.4345,-11.3036],[-37.4278,-11.3042],[-37.4257,-11.3081],[-37.4233,-11.3034],[-37.415,-11.3007],[-37.4073,-11.3012],[-37.4009,-11.3122],[-37.392,-11.3193],[-37.3819,-11.3241],[-37.3778,-11.3369],[-37.3807,-11.3455],[-37.3876,-11.3523],[-37.3889,-11.3654],[-37.3986,-11.3824],[-37.408,-11.3997],[-37.4101,-11.4161],[-37.3996,-11.4366],[-37.3677,-11.4586],[-37.3553,-11.4437],[-37.3379,-11.4428],[-37.3248,-11.436],[-37.3139,-11.4254],[-37.3101,-11.4087],[-37.3072,-11.3855],[-37.2997,-11.3637],[-37.287,-11.3365],[-37.2805,-11.324],[-37.2665,-11.2994],[-37.2965,-11.2623],[-37.3158,-11.245],[-37.3282,-11.2379],[-37.3303,-11.2282],[-37.328,-11.2199],[-37.3317,-11.2176],[-37.3313,-11.2135],[-37.3388,-11.2096],[-37.3417,-11.2066],[-37.3458,-11.2018],[-37.3497,-11.1969],[-37.3472,-11.1907],[-37.3469,-11.1854],[-37.3448,-11.1809],[-37.3424,-11.1765],[-37.3401,-11.1705],[-37.3369,-11.1666],[-37.3391,-11.1618],[-37.3379,-11.156],[-37.3386,-11.1514],[-37.3329,-11.1483],[-37.3315,-11.1431],[-37.3313,-11.1376],[-37.3339,-11.1343],[-37.3378,-11.1309],[-37.3397,-11.1245],[-37.3376,-11.1199],[-37.3368,-11.1153],[-37.3389,-11.1094],[-37.3411,-11.1033],[-37.3467,-11.0988],[-37.3512,-11.0906],[-37.36,-11.0868],[-37.3658,-11.0782],[-37.3677,-11.0726],[-37.3731,-11.072],[-37.3779,-11.0701],[-37.3807,-11.0656],[-37.3836,-11.0601],[-37.3893,-11.0542],[-37.4382,-11.087],[-37.4387,-11.0954],[-37.4319,-11.1036],[-37.4331,-11.1114],[-37.4391,-11.114],[-37.4352,-11.1202],[-37.4375,-11.1252],[-37.5014,-11.1562],[-37.5493,-11.1717],[-37.5543,-11.1768],[-37.5562,-11.18],[-37.5523,-11.1847],[-37.547,-11.1828],[-37.5455,-11.1857],[-37.5424,-11.1869],[-37.5375,-11.1878],[-37.5359,-11.1928],[-37.5328,-11.1958],[-37.5349,-11.2006],[-37.5346,-11.2094],[-37.5365,-11.2229],[-37.532,-11.2276],[-37.5275,-11.2259],[-37.5254,-11.2284],[-37.5286,-11.2343],[-37.5282,-11.2395],[-37.5254,-11.2406],[-37.5234,-11.2474],[-37.5259,-11.2542],[-37.5214,-11.2605],[-37.5143,-11.2673],[-37.5105,-11.2721],[-37.5084,-11.2735],[-37.5119,-11.2796],[-37.5154,-11.2875],[-37.524,-11.2921],[-37.5233,-11.2993]]]}},{"type":"Feature","properties":{"ibge":"2802205","nm":"FEIRA NOVA","cd":"31437","i":54},"geometry":{"type":"Polygon","coordinates":[[[-37.3971,-10.2569],[-37.3919,-10.2641],[-37.3913,-10.2676],[-37.3899,-10.2739],[-37.3912,-10.2772],[-37.393,-10.2809],[-37.3945,-10.2856],[-37.3944,-10.2896],[-37.391,-10.291],[-37.3873,-10.2952],[-37.3854,-10.2992],[-37.3877,-10.3043],[-37.3868,-10.3091],[-37.3908,-10.3134],[-37.3894,-10.318],[-37.384,-10.3172],[-37.3787,-10.3158],[-37.3759,-10.3193],[-37.3754,-10.3242],[-37.3737,-10.3257],[-37.3697,-10.3281],[-37.368,-10.3298],[-37.3627,-10.3281],[-37.3614,-10.3323],[-37.3561,-10.336],[-37.3608,-10.3374],[-37.3599,-10.3428],[-37.3527,-10.3454],[-37.351,-10.3484],[-37.3493,-10.3535],[-37.346,-10.3569],[-37.3445,-10.3615],[-37.3489,-10.3623],[-37.3527,-10.3623],[-37.3562,-10.3666],[-37.3523,-10.3687],[-37.3491,-10.3735],[-37.349,-10.3844],[-37.3412,-10.3842],[-37.3432,-10.3826],[-37.3444,-10.3787],[-37.3394,-10.3781],[-37.3315,-10.3765],[-37.3275,-10.3732],[-37.3246,-10.3702],[-37.3237,-10.3643],[-37.3187,-10.3598],[-37.3172,-10.3555],[-37.3178,-10.3515],[-37.313,-10.3494],[-37.3085,-10.3475],[-37.3071,-10.3433],[-37.3032,-10.3365],[-37.3014,-10.3328],[-37.3022,-10.3266],[-37.2954,-10.3198],[-37.2854,-10.3156],[-37.282,-10.3123],[-37.2729,-10.3141],[-37.2718,-10.3061],[-37.2618,-10.3038],[-37.2506,-10.3016],[-37.2437,-10.2977],[-37.2425,-10.2937],[-37.2454,-10.2847],[-37.2519,-10.2804],[-37.257,-10.2753],[-37.2582,-10.2682],[-37.267,-10.2644],[-37.2729,-10.2618],[-37.2805,-10.259],[-37.2909,-10.2562],[-37.2613,-10.2384],[-37.3837,-10.2183],[-37.3874,-10.2285],[-37.3903,-10.2343],[-37.3907,-10.2391],[-37.3927,-10.2443],[-37.3934,-10.2508],[-37.3971,-10.2569]]]}},{"type":"Feature","properties":{"ibge":"2802304","nm":"FREI PAULO","cd":"31453","i":49},"geometry":{"type":"Polygon","coordinates":[[[-37.4745,-10.5665],[-37.511,-10.506],[-37.5755,-10.3705],[-37.6811,-10.4809],[-37.675,-10.5539],[-37.6124,-10.6097],[-37.5095,-10.6262],[-37.4745,-10.5665]]]}},{"type":"Feature","properties":{"ibge":"2802403","nm":"GARARU","cd":"31496","i":24},"geometry":{"type":"Polygon","coordinates":[[[-37.062,-10.0615],[-36.9564,-10.0237],[-36.9555,-10.014],[-36.9608,-9.999],[-36.9654,-9.9894],[-36.9751,-9.9841],[-36.9847,-9.9832],[-36.9938,-9.9739],[-37.0002,-9.9737],[-37.0075,-9.9797],[-37.0287,-9.9861],[-37.0366,-9.9875],[-37.0474,-9.9835],[-37.0593,-9.9831],[-37.0679,-9.9735],[-37.0734,-9.9655],[-37.0846,-9.9549],[-37.1005,-9.9434],[-37.1075,-9.938],[-37.112,-9.9278],[-37.1211,-9.9225],[-37.1312,-9.9152],[-37.139,-9.9117],[-37.1506,-9.9023],[-37.1602,-9.8963],[-37.1695,-9.8941],[-37.1776,-9.899],[-37.1883,-9.8966],[-37.2058,-9.8973],[-37.22,-9.8998],[-37.228,-9.9074],[-37.2341,-9.9585],[-37.2599,-9.964],[-37.2662,-9.9604],[-37.2717,-9.9633],[-37.2723,-9.9695],[-37.2694,-9.9763],[-37.2656,-9.989],[-37.2652,-9.9935],[-37.2742,-9.9904],[-37.2838,-9.989],[-37.2854,-9.9981],[-37.2857,-10.0091],[-37.2945,-10.0162],[-37.3002,-10.0061],[-37.3056,-9.9997],[-37.3148,-10.0055],[-37.3301,-10.0155],[-37.3318,-10.0129],[-37.3276,-10.0093],[-37.3299,-10.005],[-37.3344,-10],[-37.3319,-9.9929],[-37.3383,-9.987],[-37.3427,-9.9938],[-37.3405,-9.9979],[-37.347,-10.0004],[-37.3493,-9.9939],[-37.3531,-9.9995],[-37.3545,-10.0041],[-37.3481,-10.0079],[-37.3511,-10.0143],[-37.3577,-10.013],[-37.364,-10.0159],[-37.3637,-10.0097],[-37.3703,-10.0071],[-37.3777,-10.0104],[-37.3793,-10.0123],[-37.3721,-10.0168],[-37.3771,-10.0203],[-37.3798,-10.0226],[-37.3754,-10.0257],[-37.3847,-10.0304],[-37.3824,-10.038],[-37.3923,-10.0408],[-37.3933,-10.0465],[-37.3959,-10.0486],[-37.401,-10.0458],[-37.4053,-10.0529],[-37.4109,-10.0527],[-37.4201,-10.0622],[-37.3317,-10.1286],[-37.3105,-10.1552],[-37.2973,-10.1548],[-37.2898,-10.1576],[-37.2833,-10.1571],[-37.2826,-10.1625],[-37.2834,-10.1695],[-37.2783,-10.1709],[-37.2727,-10.1662],[-37.2689,-10.1651],[-37.266,-10.1638],[-37.2612,-10.1607],[-37.2594,-10.1578],[-37.2607,-10.1547],[-37.2567,-10.1557],[-37.2533,-10.1527],[-37.2486,-10.1526],[-37.2451,-10.1471],[-37.2419,-10.1525],[-37.2382,-10.1559],[-37.2361,-10.1595],[-37.2313,-10.1566],[-37.2283,-10.1539],[-37.2238,-10.1572],[-37.2207,-10.1528],[-37.2234,-10.1469],[-37.2207,-10.142],[-37.2203,-10.1357],[-37.2232,-10.1344],[-37.2202,-10.1318],[-37.2211,-10.1266],[-37.2219,-10.1212],[-37.2248,-10.1209],[-37.2235,-10.1162],[-37.2255,-10.1118],[-37.2298,-10.1151],[-37.2329,-10.1129],[-37.2312,-10.1091],[-37.2298,-10.1049],[-37.226,-10.1016],[-37.2179,-10.1025],[-37.2143,-10.1023],[-37.2165,-10.0949],[-37.2178,-10.09],[-37.2143,-10.0937],[-37.2078,-10.0956],[-37.2055,-10.0942],[-37.2081,-10.0891],[-37.2114,-10.0838],[-37.2109,-10.0802],[-37.2103,-10.0769],[-37.2025,-10.0792],[-37.1983,-10.0806],[-37.1977,-10.0757],[-37.1876,-10.0757],[-37.185,-10.0711],[-37.1876,-10.0667],[-37.1912,-10.0706],[-37.1979,-10.0692],[-37.1936,-10.0627],[-37.189,-10.0607],[-37.1877,-10.0573],[-37.1844,-10.055],[-37.19,-10.0532],[-37.189,-10.0472],[-37.1896,-10.0359],[-37.1887,-10.0316],[-37.1933,-10.0305],[-37.1956,-10.0261],[-37.1874,-10.0293],[-37.1803,-10.0345],[-37.1785,-10.0405],[-37.1741,-10.0458],[-37.1708,-10.0495],[-37.1625,-10.0514],[-37.1544,-10.0523],[-37.1451,-10.0521],[-37.1384,-10.0569],[-37.128,-10.0573],[-37.1183,-10.0545],[-37.1048,-10.0536],[-37.1027,-10.051],[-37.062,-10.0615]]]}},{"type":"Feature","properties":{"ibge":"2802502","nm":"GENERAL MAYNARD","cd":"31470","i":2},"geometry":{"type":"Polygon","coordinates":[[[-36.9166,-10.6856],[-37.0113,-10.6758],[-37.0126,-10.6832],[-37.0145,-10.6869],[-37.0089,-10.6912],[-37.0031,-10.6981],[-36.9921,-10.7035],[-36.9834,-10.7015],[-36.9771,-10.7014],[-36.9716,-10.7045],[-36.9529,-10.7112],[-36.9409,-10.7039],[-36.9186,-10.6865],[-36.9166,-10.6856]]]}},{"type":"Feature","properties":{"ibge":"2802601","nm":"GRACCHO CARDOSO","cd":"31518","i":9},"geometry":{"type":"Polygon","coordinates":[[[-37.2613,-10.2384],[-37.2591,-10.2441],[-37.2538,-10.2491],[-37.2514,-10.2552],[-37.2467,-10.2586],[-37.2419,-10.2657],[-37.2385,-10.2711],[-37.2358,-10.2743],[-37.2358,-10.2796],[-37.2342,-10.2838],[-37.2304,-10.2871],[-37.2289,-10.2925],[-37.2229,-10.2983],[-37.2186,-10.2991],[-37.2124,-10.2991],[-37.2106,-10.2976],[-37.2071,-10.2997],[-37.2013,-10.2969],[-37.1997,-10.2983],[-37.1959,-10.3027],[-37.1915,-10.3041],[-37.1873,-10.3026],[-37.1835,-10.3032],[-37.1846,-10.3084],[-37.1807,-10.3088],[-37.1773,-10.3114],[-37.1735,-10.3125],[-37.1705,-10.316],[-37.1693,-10.3203],[-37.1723,-10.3232],[-37.1683,-10.3265],[-37.1699,-10.3297],[-37.1718,-10.3322],[-37.1734,-10.3389],[-37.1699,-10.3394],[-37.1673,-10.3421],[-37.1644,-10.3376],[-37.165,-10.3336],[-37.1607,-10.3306],[-37.157,-10.3276],[-37.1532,-10.326],[-37.1509,-10.3226],[-37.1502,-10.3213],[-37.1537,-10.3117],[-37.1551,-10.3063],[-37.1509,-10.306],[-37.1482,-10.3027],[-37.1475,-10.2978],[-37.1489,-10.2905],[-37.1495,-10.2883],[-37.1464,-10.2852],[-37.1416,-10.2826],[-37.1384,-10.2766],[-37.1382,-10.2683],[-37.1384,-10.2627],[-37.1407,-10.2592],[-37.1435,-10.2554],[-37.1407,-10.2463],[-37.151,-10.2358],[-37.1504,-10.229],[-37.1484,-10.217],[-37.144,-10.2083],[-37.1423,-10.2037],[-37.1367,-10.198],[-37.1387,-10.1932],[-37.148,-10.1897],[-37.1543,-10.1874],[-37.1505,-10.1632],[-37.1628,-10.1698],[-37.167,-10.171],[-37.1713,-10.1707],[-37.1756,-10.1734],[-37.1815,-10.1741],[-37.1856,-10.1683],[-37.1874,-10.1633],[-37.1892,-10.1611],[-37.1924,-10.1593],[-37.1949,-10.1634],[-37.2007,-10.1581],[-37.2033,-10.1558],[-37.2058,-10.1528],[-37.207,-10.1511],[-37.2039,-10.1476],[-37.2075,-10.1458],[-37.2101,-10.1411],[-37.2141,-10.1409],[-37.2163,-10.1383],[-37.2204,-10.1393],[-37.223,-10.1416],[-37.2212,-10.1471],[-37.2206,-10.1554],[-37.225,-10.1553],[-37.2298,-10.155],[-37.2302,-10.1585],[-37.2372,-10.1588],[-37.24,-10.1545],[-37.2442,-10.1497],[-37.2472,-10.1476],[-37.2499,-10.1543],[-37.2553,-10.1522],[-37.2581,-10.1556],[-37.2613,-10.1557],[-37.2613,-10.158],[-37.2613,-10.163],[-37.2663,-10.1652],[-37.2715,-10.1642],[-37.2743,-10.1685],[-37.28,-10.1712],[-37.2847,-10.1654],[-37.2816,-10.1602],[-37.2854,-10.1558],[-37.2913,-10.1566],[-37.3019,-10.1557],[-37.3141,-10.1538],[-37.2613,-10.2384]]]}},{"type":"Feature","properties":{"ibge":"2802700","nm":"ILHA DAS FLORES","cd":"31534","i":69},"geometry":{"type":"Polygon","coordinates":[[[-36.4894,-10.4245],[-36.5085,-10.4319],[-36.5294,-10.4309],[-36.5448,-10.4272],[-36.5576,-10.421],[-36.566,-10.4323],[-36.5694,-10.4343],[-36.5752,-10.4349],[-36.5793,-10.4382],[-36.5821,-10.4409],[-36.5868,-10.4452],[-36.5859,-10.4513],[-36.5908,-10.4454],[-36.5954,-10.449],[-36.5946,-10.4557],[-36.5956,-10.4611],[-36.5971,-10.4664],[-36.5968,-10.4729],[-36.6,-10.4778],[-36.5965,-10.4795],[-36.5919,-10.4821],[-36.5959,-10.4871],[-36.6,-10.4928],[-36.5874,-10.4995],[-36.5573,-10.4838],[-36.5147,-10.4484],[-36.5093,-10.4448],[-36.4894,-10.4245]]]}},{"type":"Feature","properties":{"ibge":"2802809","nm":"INDIAROBA","cd":"31550","i":56},"geometry":{"type":"Polygon","coordinates":[[[-37.6323,-11.5181],[-37.6329,-11.5225],[-37.6282,-11.5297],[-37.6163,-11.5385],[-37.6105,-11.5365],[-37.6054,-11.5383],[-37.5999,-11.5384],[-37.5915,-11.5293],[-37.5852,-11.5297],[-37.5801,-11.5348],[-37.586,-11.5412],[-37.5816,-11.5477],[-37.5786,-11.5522],[-37.5718,-11.5462],[-37.5751,-11.5428],[-37.5682,-11.5397],[-37.5607,-11.5485],[-37.556,-11.5511],[-37.5512,-11.5481],[-37.5396,-11.5487],[-37.529,-11.5472],[-37.5219,-11.5489],[-37.5169,-11.5457],[-37.5164,-11.5363],[-37.5088,-11.5296],[-37.5016,-11.5241],[-37.4912,-11.5242],[-37.4753,-11.5224],[-37.4555,-11.5231],[-37.4329,-11.5112],[-37.4109,-11.4954],[-37.3786,-11.4685],[-37.3733,-11.4546],[-37.4087,-11.4239],[-37.4161,-11.4296],[-37.4258,-11.4271],[-37.4342,-11.4241],[-37.4445,-11.4309],[-37.4462,-11.4413],[-37.4535,-11.4421],[-37.4611,-11.4461],[-37.4667,-11.4464],[-37.4697,-11.4487],[-37.4731,-11.4508],[-37.479,-11.4483],[-37.4832,-11.4451],[-37.4897,-11.4443],[-37.4948,-11.4401],[-37.5007,-11.432],[-37.5027,-11.4287],[-37.5028,-11.4226],[-37.506,-11.4149],[-37.5167,-11.417],[-37.5227,-11.4221],[-37.5313,-11.4198],[-37.5372,-11.415],[-37.5545,-11.4134],[-37.5647,-11.4116],[-37.6348,-11.4492],[-37.6486,-11.4841],[-37.6469,-11.4885],[-37.6466,-11.4936],[-37.6451,-11.499],[-37.646,-11.5036],[-37.6365,-11.5034],[-37.6351,-11.5101],[-37.6329,-11.5142],[-37.6323,-11.5181]]]}},{"type":"Feature","properties":{"ibge":"2802908","nm":"ITABAIANA","cd":"31577","i":18},"geometry":{"type":"Polygon","coordinates":[[[-37.3945,-10.5823],[-37.4423,-10.5859],[-37.4745,-10.5665],[-37.5305,-10.6458],[-37.52,-10.6554],[-37.5206,-10.6618],[-37.5188,-10.6655],[-37.5127,-10.6709],[-37.507,-10.6733],[-37.505,-10.6798],[-37.5022,-10.6833],[-37.5003,-10.6922],[-37.493,-10.6952],[-37.4868,-10.6975],[-37.4822,-10.6994],[-37.4772,-10.7061],[-37.4739,-10.7103],[-37.468,-10.7098],[-37.4617,-10.7157],[-37.4603,-10.7202],[-37.457,-10.7232],[-37.4556,-10.7272],[-37.4543,-10.7307],[-37.4516,-10.7367],[-37.4501,-10.7417],[-37.4499,-10.7457],[-37.4505,-10.75],[-37.451,-10.7574],[-37.4503,-10.7643],[-37.4487,-10.7672],[-37.4516,-10.7701],[-37.4466,-10.7747],[-37.4423,-10.7755],[-37.4413,-10.7839],[-37.4466,-10.7826],[-37.4491,-10.7897],[-37.4022,-10.825],[-37.3617,-10.7385],[-37.3205,-10.6922],[-37.3375,-10.6532],[-37.3442,-10.6565],[-37.3497,-10.6573],[-37.3562,-10.6544],[-37.3614,-10.6502],[-37.3584,-10.6467],[-37.361,-10.643],[-37.3662,-10.641],[-37.3672,-10.6343],[-37.3696,-10.6296],[-37.3757,-10.6262],[-37.3781,-10.6244],[-37.3785,-10.6286],[-37.3849,-10.6304],[-37.3892,-10.6268],[-37.3879,-10.6191],[-37.3863,-10.6125],[-37.3881,-10.6061],[-37.3899,-10.6017],[-37.3872,-10.5982],[-37.3902,-10.5918],[-37.3925,-10.5841],[-37.3945,-10.5823]]]}},{"type":"Feature","properties":{"ibge":"2803005","nm":"ITABAIANINHA","cd":"31593","i":28},"geometry":{"type":"Polygon","coordinates":[[[-37.9362,-11.2698],[-37.9317,-11.2795],[-37.9257,-11.281],[-37.9196,-11.287],[-37.9134,-11.2883],[-37.9097,-11.2834],[-37.9016,-11.2767],[-37.8984,-11.2762],[-37.8942,-11.2793],[-37.8877,-11.2816],[-37.8856,-11.2841],[-37.8788,-11.2881],[-37.8737,-11.2848],[-37.8699,-11.2856],[-37.8672,-11.2932],[-37.8639,-11.2978],[-37.8596,-11.2988],[-37.855,-11.3001],[-37.8503,-11.2977],[-37.8475,-11.3019],[-37.8426,-11.3058],[-37.8412,-11.3094],[-37.8361,-11.3147],[-37.8291,-11.3202],[-37.8247,-11.3194],[-37.8166,-11.3213],[-37.8148,-11.3247],[-37.8153,-11.3311],[-37.809,-11.3344],[-37.8029,-11.3379],[-37.7955,-11.344],[-37.7917,-11.3472],[-37.791,-11.3524],[-37.791,-11.3606],[-37.7878,-11.3632],[-37.7847,-11.3679],[-37.7846,-11.3735],[-37.7785,-11.377],[-37.774,-11.3778],[-37.7702,-11.3826],[-37.769,-11.3874],[-37.7653,-11.3896],[-37.7622,-11.3931],[-37.7618,-11.3979],[-37.7616,-11.4041],[-37.7586,-11.4065],[-37.7536,-11.4058],[-37.7508,-11.4037],[-37.7506,-11.4002],[-37.7484,-11.4044],[-37.7451,-11.4102],[-37.7388,-11.4076],[-37.7337,-11.406],[-37.7301,-11.4016],[-37.6921,-11.3081],[-37.6623,-11.253],[-37.6635,-11.2473],[-37.6677,-11.2454],[-37.6698,-11.2393],[-37.6765,-11.2357],[-37.6786,-11.2279],[-37.6841,-11.2195],[-37.6841,-11.2149],[-37.6861,-11.2102],[-37.6915,-11.2048],[-37.696,-11.2036],[-37.6964,-11.1989],[-37.702,-11.1959],[-37.7045,-11.1918],[-37.7029,-11.1882],[-37.7011,-11.1836],[-37.7029,-11.1796],[-37.7068,-11.1743],[-37.7096,-11.1697],[-37.7139,-11.167],[-37.7171,-11.1632],[-37.7217,-11.1625],[-37.727,-11.1649],[-37.7299,-11.1616],[-37.7319,-11.1552],[-37.7367,-11.1514],[-37.7393,-11.1515],[-37.7454,-11.153],[-37.7506,-11.1481],[-37.7573,-11.1489],[-37.7607,-11.1439],[-37.7641,-11.1429],[-37.7691,-11.1365],[-37.7718,-11.1345],[-37.7787,-11.1318],[-37.7843,-11.1317],[-37.7934,-11.133],[-37.8465,-11.1608],[-37.876,-11.1885],[-37.8718,-11.1966],[-37.8693,-11.2035],[-37.8689,-11.2082],[-37.8667,-11.211],[-37.868,-11.2176],[-37.8692,-11.2195],[-37.8766,-11.217],[-37.8848,-11.2128],[-37.9084,-11.2274],[-37.9239,-11.2491],[-37.9362,-11.2698]]]}},{"type":"Feature","properties":{"ibge":"2803104","nm":"ITABI","cd":"31615","i":53},"geometry":{"type":"Polygon","coordinates":[[[-37.062,-10.0615],[-37.104,-10.0541],[-37.1155,-10.0529],[-37.1247,-10.057],[-37.1337,-10.0552],[-37.1394,-10.0532],[-37.1517,-10.0509],[-37.1593,-10.0528],[-37.1671,-10.0509],[-37.1729,-10.0471],[-37.1758,-10.0426],[-37.18,-10.0368],[-37.1867,-10.0306],[-37.1926,-10.0263],[-37.1944,-10.0276],[-37.1887,-10.0306],[-37.1906,-10.034],[-37.1884,-10.0456],[-37.1926,-10.0519],[-37.1866,-10.0542],[-37.186,-10.0576],[-37.1903,-10.0584],[-37.192,-10.0621],[-37.1978,-10.0681],[-37.1948,-10.0688],[-37.1889,-10.0685],[-37.1861,-10.0684],[-37.1846,-10.074],[-37.1937,-10.074],[-37.1979,-10.0785],[-37.2021,-10.0808],[-37.209,-10.0774],[-37.2125,-10.0783],[-37.213,-10.0824],[-37.21,-10.0881],[-37.2051,-10.0925],[-37.2063,-10.0964],[-37.2124,-10.0923],[-37.2155,-10.0904],[-37.2195,-10.0923],[-37.2136,-10.1],[-37.2164,-10.1035],[-37.2235,-10.0996],[-37.2298,-10.1021],[-37.2322,-10.1079],[-37.2312,-10.1119],[-37.2309,-10.1171],[-37.2262,-10.1128],[-37.222,-10.1143],[-37.2267,-10.1206],[-37.2225,-10.1195],[-37.2223,-10.1252],[-37.2198,-10.1304],[-37.2229,-10.133],[-37.2212,-10.1348],[-37.2163,-10.1383],[-37.2141,-10.1409],[-37.2101,-10.1411],[-37.2075,-10.1458],[-37.2039,-10.1476],[-37.207,-10.1511],[-37.2058,-10.1528],[-37.2033,-10.1558],[-37.2007,-10.1581],[-37.1949,-10.1634],[-37.1924,-10.1593],[-37.1892,-10.1611],[-37.1874,-10.1633],[-37.1856,-10.1683],[-37.1815,-10.1741],[-37.1756,-10.1734],[-37.1713,-10.1707],[-37.167,-10.171],[-37.1628,-10.1698],[-37.1505,-10.1632],[-37.0903,-10.1448],[-37.062,-10.0615]]]}},{"type":"Feature","properties":{"ibge":"2803203","nm":"ITAPORANGA D'AJUDA","cd":"31631","i":21},"geometry":{"type":"Polygon","coordinates":[[[-37.3888,-11.053],[-37.3844,-11.0562],[-37.3811,-11.0628],[-37.3785,-11.0674],[-37.3757,-11.0721],[-37.3705,-11.0727],[-37.3654,-11.0762],[-37.3613,-11.0842],[-37.3533,-11.0899],[-37.3474,-11.0963],[-37.3429,-11.1021],[-37.3412,-11.1078],[-37.3367,-11.1134],[-37.3362,-11.1194],[-37.3387,-11.1217],[-37.3394,-11.1298],[-37.3344,-11.133],[-37.3326,-11.1362],[-37.3319,-11.1411],[-37.3323,-11.1469],[-37.3365,-11.1495],[-37.3396,-11.1537],[-37.3385,-11.1603],[-37.337,-11.1643],[-37.3407,-11.1698],[-37.3414,-11.1745],[-37.3462,-11.1778],[-37.3452,-11.1836],[-37.346,-11.1903],[-37.3489,-11.1934],[-37.3466,-11.1999],[-37.3431,-11.2056],[-37.3394,-11.2069],[-37.3321,-11.2118],[-37.3291,-11.2172],[-37.3302,-11.2197],[-37.3281,-11.2247],[-37.33,-11.235],[-37.3207,-11.2425],[-37.3117,-11.2507],[-37.2602,-11.2896],[-37.2527,-11.2795],[-37.2385,-11.2612],[-37.2243,-11.2438],[-37.207,-11.2229],[-37.1846,-11.1998],[-37.1687,-11.1846],[-37.1629,-11.1766],[-37.1572,-11.1638],[-37.1617,-11.1547],[-37.1655,-11.1433],[-37.1642,-11.1211],[-37.174,-11.0994],[-37.1933,-11.0903],[-37.2048,-11.0859],[-37.2217,-11.0734],[-37.2257,-11.0515],[-37.2272,-11.0406],[-37.2381,-11.0383],[-37.2503,-11.0352],[-37.2591,-11.0355],[-37.2669,-11.0311],[-37.2733,-11.029],[-37.2806,-11.0285],[-37.2836,-11.0218],[-37.2874,-11.0142],[-37.2924,-11.0158],[-37.2953,-11.0173],[-37.2971,-11.0149],[-37.2972,-11.0128],[-37.3018,-11.007],[-37.3022,-10.9978],[-37.3053,-10.9924],[-37.3026,-10.9874],[-37.3075,-10.9834],[-37.321,-10.9804],[-37.3275,-10.9767],[-37.3263,-10.9727],[-37.3233,-10.9698],[-37.3267,-10.9668],[-37.3312,-10.9645],[-37.3318,-10.9586],[-37.3338,-10.9516],[-37.335,-10.9437],[-37.3289,-10.9355],[-37.3291,-10.9218],[-37.3235,-10.8321],[-37.3336,-10.837],[-37.3385,-10.8442],[-37.3439,-10.8477],[-37.3513,-10.8499],[-37.357,-10.8476],[-37.3705,-10.8522],[-37.3784,-10.8511],[-37.3877,-10.8511],[-37.3975,-10.8479],[-37.4048,-10.843],[-37.4034,-10.8391],[-37.4069,-10.8322],[-37.4424,-10.8672],[-37.4584,-10.884],[-37.4649,-10.893],[-37.471,-10.8925],[-37.4783,-10.8969],[-37.4832,-10.8982],[-37.4883,-10.9015],[-37.4964,-10.9049],[-37.5036,-10.9011],[-37.4394,-10.9806],[-37.4343,-10.9845],[-37.4306,-10.9889],[-37.4264,-10.9946],[-37.4248,-11.0018],[-37.4222,-11.0044],[-37.4159,-11.007],[-37.4109,-11.0134],[-37.4091,-11.0208],[-37.4072,-11.0258],[-37.4039,-11.03],[-37.4027,-11.036],[-37.3987,-11.0419],[-37.3964,-11.0443],[-37.3945,-11.0477],[-37.391,-11.0531],[-37.3888,-11.053]]]}},{"type":"Feature","properties":{"ibge":"2803302","nm":"JAPARATUBA","cd":"31658","i":32},"geometry":{"type":"Polygon","coordinates":[[[-37.0113,-10.6413],[-36.9687,-10.6352],[-36.966,-10.6409],[-36.9638,-10.6466],[-36.9601,-10.6499],[-36.9503,-10.6507],[-36.9367,-10.6538],[-36.9313,-10.6585],[-36.9293,-10.6645],[-36.9247,-10.6736],[-36.8993,-10.6636],[-36.7813,-10.5749],[-36.7869,-10.5751],[-36.7931,-10.5746],[-36.7965,-10.5748],[-36.8044,-10.5755],[-36.8095,-10.5738],[-36.8104,-10.5705],[-36.8086,-10.5665],[-36.8085,-10.5597],[-36.8094,-10.5516],[-36.8096,-10.5486],[-36.8135,-10.5435],[-36.8171,-10.5403],[-36.8227,-10.5382],[-36.829,-10.5345],[-36.832,-10.528],[-36.8321,-10.5239],[-36.8346,-10.5208],[-36.8359,-10.514],[-36.8378,-10.5088],[-36.8405,-10.5071],[-36.8442,-10.5009],[-36.846,-10.4964],[-36.8518,-10.4977],[-36.8589,-10.4946],[-36.8619,-10.4924],[-36.8659,-10.4881],[-36.8682,-10.4781],[-36.8693,-10.4715],[-36.8683,-10.4674],[-36.8719,-10.4586],[-36.871,-10.4524],[-36.874,-10.4474],[-36.8755,-10.4402],[-36.8701,-10.4324],[-36.8637,-10.4286],[-36.8578,-10.4277],[-36.8573,-10.4195],[-36.8624,-10.4183],[-36.8695,-10.418],[-36.8764,-10.4082],[-36.8808,-10.4021],[-36.8839,-10.3962],[-36.893,-10.3991],[-36.9044,-10.4127],[-36.9075,-10.4172],[-36.9172,-10.4194],[-36.9222,-10.4232],[-36.9271,-10.4257],[-36.9338,-10.4286],[-36.935,-10.4336],[-36.933,-10.4379],[-36.9352,-10.4436],[-36.9564,-10.5237],[-36.9926,-10.5893],[-37.0113,-10.6413]]]}},{"type":"Feature","properties":{"ibge":"2803401","nm":"JAPOATÃ","cd":"31674","i":8},"geometry":{"type":"Polygon","coordinates":[[[-36.7575,-10.5902],[-36.7543,-10.5883],[-36.7524,-10.5825],[-36.7483,-10.5777],[-36.7477,-10.5717],[-36.7475,-10.5655],[-36.7452,-10.5607],[-36.7531,-10.5538],[-36.752,-10.551],[-36.7514,-10.5414],[-36.746,-10.5359],[-36.7346,-10.5301],[-36.7292,-10.5306],[-36.7243,-10.5171],[-36.7183,-10.5093],[-36.7192,-10.5003],[-36.7164,-10.4951],[-36.7174,-10.4908],[-36.7192,-10.4767],[-36.7159,-10.4628],[-36.7132,-10.4539],[-36.7121,-10.4482],[-36.7108,-10.4379],[-36.7029,-10.4203],[-36.7064,-10.4148],[-36.7057,-10.409],[-36.7098,-10.4048],[-36.7053,-10.4006],[-36.708,-10.3966],[-36.7124,-10.3912],[-36.7169,-10.3848],[-36.7188,-10.3777],[-36.7228,-10.375],[-36.7347,-10.3591],[-36.7334,-10.3551],[-36.735,-10.3493],[-36.7375,-10.341],[-36.7356,-10.3291],[-36.7381,-10.3251],[-36.7406,-10.3207],[-36.7457,-10.3166],[-36.752,-10.3154],[-36.76,-10.3187],[-36.7648,-10.3154],[-36.7714,-10.3098],[-36.7773,-10.3092],[-36.7839,-10.3032],[-36.7892,-10.3007],[-36.7922,-10.2914],[-36.7944,-10.2838],[-36.8003,-10.2918],[-36.8048,-10.2946],[-36.8096,-10.2971],[-36.8159,-10.2983],[-36.8212,-10.2995],[-36.8226,-10.3042],[-36.8127,-10.3226],[-36.8096,-10.3287],[-36.819,-10.3286],[-36.8254,-10.3294],[-36.8291,-10.3303],[-36.8362,-10.3347],[-36.8395,-10.338],[-36.8452,-10.3423],[-36.8454,-10.3489],[-36.8456,-10.3552],[-36.8444,-10.3627],[-36.8543,-10.3769],[-36.857,-10.3827],[-36.8924,-10.3902],[-36.8977,-10.3938],[-36.903,-10.4026],[-36.8878,-10.3971],[-36.8833,-10.3973],[-36.8782,-10.404],[-36.8771,-10.4116],[-36.8686,-10.4186],[-36.8602,-10.4171],[-36.8568,-10.4225],[-36.859,-10.4279],[-36.8679,-10.4306],[-36.873,-10.4357],[-36.8752,-10.4411],[-36.8723,-10.4499],[-36.8698,-10.4541],[-36.8714,-10.4613],[-36.8695,-10.4681],[-36.8677,-10.4739],[-36.8683,-10.4798],[-36.8639,-10.488],[-36.862,-10.4945],[-36.856,-10.4965],[-36.8499,-10.4964],[-36.8453,-10.4987],[-36.843,-10.502],[-36.8394,-10.5068],[-36.8368,-10.5112],[-36.8365,-10.5167],[-36.8346,-10.5216],[-36.8309,-10.5247],[-36.8319,-10.5314],[-36.827,-10.5341],[-36.8213,-10.5395],[-36.8158,-10.5421],[-36.8131,-10.5452],[-36.8081,-10.5489],[-36.8089,-10.5566],[-36.8073,-10.5627],[-36.8082,-10.5682],[-36.8107,-10.5719],[-36.8085,-10.5744],[-36.8011,-10.576],[-36.7953,-10.5754],[-36.7903,-10.5741],[-36.7855,-10.5738],[-36.7786,-10.5773],[-36.7683,-10.5788],[-36.7633,-10.5832],[-36.7588,-10.5892],[-36.7575,-10.5902]]]}},{"type":"Feature","properties":{"ibge":"2803500","nm":"LAGARTO","cd":"31690","i":6},"geometry":{"type":"Polygon","coordinates":[[[-37.531,-10.9962],[-37.4811,-10.9371],[-37.498,-10.9045],[-37.4902,-10.9035],[-37.4855,-10.8987],[-37.479,-10.8963],[-37.4729,-10.8929],[-37.4676,-10.8934],[-37.4596,-10.8876],[-37.4558,-10.8817],[-37.4578,-10.8775],[-37.457,-10.8707],[-37.4622,-10.8666],[-37.4645,-10.8584],[-37.4701,-10.8516],[-37.4757,-10.8552],[-37.4787,-10.8589],[-37.483,-10.8539],[-37.4807,-10.8489],[-37.4783,-10.8429],[-37.4846,-10.8381],[-37.4888,-10.836],[-37.4895,-10.8319],[-37.4941,-10.8311],[-37.4964,-10.8346],[-37.5023,-10.8339],[-37.5067,-10.8356],[-37.5092,-10.8366],[-37.5109,-10.8425],[-37.5188,-10.8452],[-37.5292,-10.8406],[-37.5358,-10.8415],[-37.5419,-10.8382],[-37.5458,-10.8362],[-37.552,-10.8404],[-37.5585,-10.838],[-37.563,-10.8351],[-37.5707,-10.8391],[-37.5812,-10.8361],[-37.5872,-10.8325],[-37.5946,-10.8266],[-37.5983,-10.8174],[-37.6102,-10.8123],[-37.6102,-10.8071],[-37.6133,-10.8023],[-37.611,-10.7924],[-37.6064,-10.7897],[-37.5999,-10.7788],[-37.6049,-10.7769],[-37.6072,-10.7705],[-37.6092,-10.7633],[-37.6146,-10.755],[-37.6188,-10.7542],[-37.6202,-10.7487],[-37.6267,-10.7476],[-37.633,-10.7494],[-37.6285,-10.7428],[-37.6321,-10.7333],[-37.631,-10.7265],[-37.6272,-10.7232],[-37.6219,-10.7182],[-37.616,-10.7137],[-37.6188,-10.7107],[-37.6208,-10.7068],[-37.6321,-10.7096],[-37.6398,-10.713],[-37.6448,-10.7055],[-37.6429,-10.6982],[-37.6486,-10.7007],[-37.6528,-10.7086],[-37.659,-10.7146],[-37.6641,-10.7172],[-37.6698,-10.7078],[-37.6774,-10.7154],[-37.68,-10.7199],[-37.6786,-10.7266],[-37.6828,-10.7291],[-37.6866,-10.7298],[-37.6927,-10.7346],[-37.6956,-10.7354],[-37.7017,-10.7365],[-37.7075,-10.7382],[-37.7095,-10.7427],[-37.7113,-10.7496],[-37.7208,-10.7671],[-37.7233,-10.7797],[-37.725,-10.7864],[-37.7305,-10.7946],[-37.7372,-10.7995],[-37.7469,-10.8039],[-37.7666,-10.8192],[-37.8013,-10.8369],[-37.806,-10.8435],[-37.807,-10.8489],[-37.8103,-10.8591],[-37.8129,-10.8657],[-37.8284,-10.859],[-37.8743,-10.8661],[-37.8728,-10.874],[-37.8711,-10.8822],[-37.8682,-10.8908],[-37.8672,-10.8945],[-37.8666,-10.9004],[-37.8704,-10.9049],[-37.8735,-10.9157],[-37.8743,-10.9206],[-37.8681,-10.9227],[-37.8612,-10.9293],[-37.8532,-10.9324],[-37.8486,-10.9346],[-37.8446,-10.9383],[-37.8416,-10.9449],[-37.8376,-10.949],[-37.8356,-10.9533],[-37.8396,-10.9552],[-37.8398,-10.9616],[-37.8398,-10.9666],[-37.8385,-10.9749],[-37.834,-10.9754],[-37.833,-10.9805],[-37.8383,-10.9867],[-37.8289,-10.9881],[-37.8257,-10.9923],[-37.8228,-10.9956],[-37.8225,-11.0042],[-37.8187,-11.0059],[-37.814,-11.006],[-37.8112,-11.005],[-37.8073,-11.0116],[-37.801,-11.0116],[-37.7958,-11.0154],[-37.7923,-11.0178],[-37.7863,-11.0108],[-37.7824,-11.0103],[-37.7776,-11.0056],[-37.7738,-11.0111],[-37.7753,-11.0145],[-37.7726,-11.0161],[-37.7682,-11.015],[-37.7666,-11.01],[-37.7621,-11.0107],[-37.7601,-11.0068],[-37.7542,-11.0033],[-37.7525,-11.0083],[-37.7417,-11.0106],[-37.7403,-11.0011],[-37.7456,-10.998],[-37.7436,-10.9944],[-37.7438,-10.9892],[-37.7192,-10.997],[-37.6894,-11.0258],[-37.6821,-11.0234],[-37.6778,-11.0221],[-37.6726,-11.0238],[-37.6714,-11.0271],[-37.67,-11.0313],[-37.666,-11.0325],[-37.6648,-11.036],[-37.6607,-11.0348],[-37.6555,-11.0386],[-37.6542,-11.0448],[-37.6491,-11.0471],[-37.6427,-11.0467],[-37.6397,-11.0551],[-37.6359,-11.0625],[-37.6298,-11.0649],[-37.6252,-11.067],[-37.5652,-11.0401],[-37.57,-11.0348],[-37.5685,-11.0289],[-37.531,-10.9962]]]}},{"type":"Feature","properties":{"ibge":"2803609","nm":"LARANJEIRAS","cd":"31712","i":11},"geometry":{"type":"Polygon","coordinates":[[[-37.3177,-10.8316],[-37.2376,-10.8356],[-37.2333,-10.8363],[-37.2272,-10.8393],[-37.2196,-10.8447],[-37.2149,-10.8481],[-37.2077,-10.8467],[-37.2003,-10.8502],[-37.1938,-10.8514],[-37.1837,-10.8535],[-37.1786,-10.8543],[-37.1767,-10.8499],[-37.1757,-10.8447],[-37.1692,-10.84],[-37.1671,-10.8393],[-37.1605,-10.8364],[-37.1586,-10.8338],[-37.1549,-10.833],[-37.1509,-10.835],[-37.1441,-10.8323],[-37.1378,-10.8349],[-37.1266,-10.8335],[-37.1116,-10.8293],[-37.1058,-10.8198],[-37.0911,-10.8234],[-37.0705,-10.8236],[-37.0753,-10.8075],[-37.0887,-10.7959],[-37.0882,-10.7832],[-37.0987,-10.7755],[-37.1117,-10.7791],[-37.1224,-10.7863],[-37.1312,-10.7813],[-37.1335,-10.7733],[-37.1345,-10.7675],[-37.145,-10.7675],[-37.1514,-10.7692],[-37.1552,-10.7616],[-37.1614,-10.7514],[-37.2175,-10.764],[-37.2195,-10.759],[-37.2286,-10.7623],[-37.2327,-10.7654],[-37.2379,-10.7732],[-37.2422,-10.7752],[-37.2445,-10.7784],[-37.3177,-10.8316]]]}},{"type":"Feature","properties":{"ibge":"2803708","nm":"MACAMBIRA","cd":"31739","i":15},"geometry":{"type":"Polygon","coordinates":[[[-37.5305,-10.6458],[-37.6403,-10.6047],[-37.6454,-10.6084],[-37.6483,-10.6147],[-37.651,-10.6232],[-37.6513,-10.6352],[-37.6561,-10.6454],[-37.6607,-10.6533],[-37.661,-10.6577],[-37.6659,-10.666],[-37.6675,-10.6733],[-37.667,-10.6773],[-37.664,-10.6876],[-37.6626,-10.6989],[-37.662,-10.7041],[-37.6653,-10.7105],[-37.6634,-10.716],[-37.659,-10.7146],[-37.6528,-10.7086],[-37.6486,-10.7007],[-37.6429,-10.6982],[-37.6448,-10.7055],[-37.6398,-10.713],[-37.6321,-10.7096],[-37.6208,-10.7068],[-37.6188,-10.7107],[-37.6163,-10.7117],[-37.6118,-10.7133],[-37.6112,-10.7079],[-37.6054,-10.7079],[-37.6074,-10.6982],[-37.6028,-10.6955],[-37.5964,-10.6971],[-37.5929,-10.6947],[-37.5909,-10.6873],[-37.5869,-10.6812],[-37.5801,-10.6831],[-37.577,-10.6861],[-37.5695,-10.6893],[-37.5633,-10.6919],[-37.5562,-10.6942],[-37.5457,-10.6975],[-37.5406,-10.6948],[-37.5335,-10.6924],[-37.5275,-10.6889],[-37.5107,-10.6894],[-37.5008,-10.6885],[-37.5032,-10.6825],[-37.5065,-10.676],[-37.5079,-10.6718],[-37.5144,-10.6687],[-37.5189,-10.6634],[-37.5179,-10.6586],[-37.5215,-10.655],[-37.5305,-10.6458]]]}},{"type":"Feature","properties":{"ibge":"2803807","nm":"MALHADA DOS BOIS","cd":"31755","i":61},"geometry":{"type":"Polygon","coordinates":[[[-36.9158,-10.3934],[-36.9126,-10.3695],[-36.9027,-10.3242],[-36.9337,-10.2761],[-36.9693,-10.3374],[-36.9158,-10.3934]]]}},{"type":"Feature","properties":{"ibge":"2803906","nm":"MALHADOR","cd":"31771","i":40},"geometry":{"type":"Polygon","coordinates":[[[-37.3289,-10.6537],[-37.3363,-10.7218],[-37.3295,-10.7264],[-37.3124,-10.7299],[-37.3106,-10.7314],[-37.3164,-10.7368],[-37.3162,-10.7407],[-37.3115,-10.7377],[-37.3055,-10.733],[-37.2982,-10.7314],[-37.2976,-10.7273],[-37.2933,-10.7233],[-37.2857,-10.7213],[-37.2813,-10.7192],[-37.2761,-10.7112],[-37.2708,-10.7145],[-37.2642,-10.711],[-37.262,-10.7043],[-37.2572,-10.7018],[-37.2521,-10.7036],[-37.2507,-10.7069],[-37.2479,-10.7089],[-37.2444,-10.7053],[-37.2379,-10.7084],[-37.2359,-10.7039],[-37.2325,-10.7046],[-37.2291,-10.7018],[-37.2257,-10.7075],[-37.2231,-10.7025],[-37.2296,-10.6975],[-37.2309,-10.6933],[-37.2274,-10.6906],[-37.2288,-10.6877],[-37.2283,-10.683],[-37.2287,-10.6779],[-37.2325,-10.672],[-37.2356,-10.6692],[-37.24,-10.6641],[-37.2442,-10.6606],[-37.246,-10.6574],[-37.2454,-10.6503],[-37.251,-10.6482],[-37.2589,-10.6493],[-37.2623,-10.6417],[-37.2647,-10.6385],[-37.2686,-10.6352],[-37.2719,-10.634],[-37.2764,-10.6338],[-37.2792,-10.6322],[-37.2792,-10.6283],[-37.281,-10.6216],[-37.2824,-10.617],[-37.2888,-10.6147],[-37.2955,-10.6109],[-37.3323,-10.6396],[-37.3289,-10.6537]]]}},{"type":"Feature","properties":{"ibge":"2804003","nm":"MARUIM","cd":"31798","i":63},"geometry":{"type":"Polygon","coordinates":[[[-37.0907,-10.6551],[-37.1216,-10.7027],[-37.1433,-10.7043],[-37.1456,-10.7122],[-37.1466,-10.7167],[-37.1522,-10.7226],[-37.1536,-10.7286],[-37.1516,-10.7355],[-37.1528,-10.7401],[-37.1583,-10.7435],[-37.159,-10.7503],[-37.1589,-10.756],[-37.1529,-10.7675],[-37.1473,-10.7699],[-37.1382,-10.7655],[-37.1314,-10.7703],[-37.1328,-10.7792],[-37.1259,-10.7863],[-37.1162,-10.7821],[-37.103,-10.7748],[-37.0904,-10.7799],[-37.08,-10.7789],[-37.0738,-10.7782],[-37.0705,-10.7697],[-37.0689,-10.7644],[-37.07,-10.758],[-37.0693,-10.7491],[-37.0542,-10.7063],[-37.0535,-10.7002],[-37.0568,-10.6931],[-37.0634,-10.6899],[-37.069,-10.6868],[-37.0751,-10.6859],[-37.0843,-10.6856],[-37.0895,-10.6797],[-37.0902,-10.6765],[-37.0917,-10.6719],[-37.0913,-10.6673],[-37.0892,-10.6612],[-37.0897,-10.6561],[-37.0907,-10.6551]]]}},{"type":"Feature","properties":{"ibge":"2804102","nm":"MOITA BONITA","cd":"31810","i":60},"geometry":{"type":"Polygon","coordinates":[[[-37.248,-10.5944],[-37.2529,-10.5897],[-37.2566,-10.5847],[-37.2609,-10.5805],[-37.2654,-10.5779],[-37.2731,-10.5771],[-37.282,-10.5754],[-37.2962,-10.5766],[-37.3046,-10.5733],[-37.3061,-10.5676],[-37.3107,-10.5656],[-37.3106,-10.5609],[-37.3139,-10.557],[-37.3122,-10.5535],[-37.3111,-10.5485],[-37.3168,-10.5475],[-37.3186,-10.5433],[-37.3214,-10.5422],[-37.3252,-10.5427],[-37.3293,-10.5418],[-37.3346,-10.5416],[-37.3426,-10.541],[-37.3491,-10.5421],[-37.3543,-10.5434],[-37.3582,-10.5469],[-37.3636,-10.5497],[-37.3637,-10.5568],[-37.3669,-10.5607],[-37.3747,-10.5633],[-37.3805,-10.5696],[-37.3911,-10.5768],[-37.3942,-10.5803],[-37.3916,-10.5862],[-37.3883,-10.5943],[-37.3886,-10.599],[-37.3892,-10.6042],[-37.3878,-10.609],[-37.3878,-10.6141],[-37.3874,-10.6218],[-37.3884,-10.6288],[-37.3823,-10.63],[-37.3807,-10.6242],[-37.3764,-10.6241],[-37.3745,-10.6276],[-37.3689,-10.6303],[-37.3666,-10.6364],[-37.3663,-10.6424],[-37.3596,-10.644],[-37.3598,-10.6472],[-37.3592,-10.6521],[-37.3544,-10.6553],[-37.3473,-10.6563],[-37.343,-10.655],[-37.33,-10.654],[-37.3323,-10.6396],[-37.2932,-10.5945],[-37.2847,-10.5913],[-37.2785,-10.5866],[-37.2702,-10.5877],[-37.2627,-10.5878],[-37.2569,-10.592],[-37.2522,-10.5953],[-37.248,-10.5944]]]}},{"type":"Feature","properties":{"ibge":"2804201","nm":"MONTE ALEGRE DE SERGIPE","cd":"31836","i":57},"geometry":{"type":"Polygon","coordinates":[[[-37.4201,-10.0622],[-37.5632,-9.999],[-37.5682,-9.9993],[-37.5756,-9.9979],[-37.5817,-9.9982],[-37.5881,-10.001],[-37.5862,-10.0099],[-37.5888,-10.0135],[-37.5929,-10.0169],[-37.597,-10.0188],[-37.5966,-10.0218],[-37.5994,-10.0216],[-37.609,-10.0196],[-37.6141,-10.0242],[-37.6172,-10.0258],[-37.6255,-10.026],[-37.6259,-10.0228],[-37.6288,-10.0211],[-37.6324,-10.0237],[-37.6349,-10.0206],[-37.639,-10.0181],[-37.6458,-10.0222],[-37.6501,-10.0179],[-37.6538,-10.0153],[-37.6582,-10.0138],[-37.6623,-10.0128],[-37.6673,-10.0162],[-37.6684,-10.0225],[-37.6727,-10.0249],[-37.6795,-10.0256],[-37.6846,-10.0284],[-37.6876,-10.0231],[-37.6914,-10.0199],[-37.6995,-10.0208],[-37.7017,-10.0151],[-37.7073,-10.0162],[-37.7132,-10.0206],[-37.717,-10.0224],[-37.7217,-10.0264],[-37.7249,-10.0272],[-37.7275,-10.0251],[-37.7319,-10.0208],[-37.736,-10.0231],[-37.7382,-10.0286],[-37.7422,-10.0292],[-37.7466,-10.027],[-37.7525,-10.0252],[-37.7576,-10.028],[-37.7609,-10.0266],[-37.7631,-10.0299],[-37.768,-10.0303],[-37.7738,-10.0298],[-37.7776,-10.0319],[-37.7839,-10.0335],[-37.7866,-10.0321],[-37.7826,-10.0436],[-37.79,-10.0704],[-37.7957,-10.088],[-37.7994,-10.0945],[-37.7995,-10.1027],[-37.801,-10.1093],[-37.8003,-10.114],[-37.7943,-10.119],[-37.7894,-10.1238],[-37.7825,-10.1308],[-37.7779,-10.1341],[-37.7748,-10.1423],[-37.7725,-10.1415],[-37.7795,-10.13],[-37.7826,-10.1154],[-37.7847,-10.1057],[-37.7859,-10.0983],[-37.782,-10.0961],[-37.773,-10.0998],[-37.7699,-10.1008],[-37.7669,-10.1015],[-37.7611,-10.105],[-37.757,-10.1072],[-37.7519,-10.1074],[-37.7454,-10.1121],[-37.7359,-10.1119],[-37.7273,-10.1137],[-37.7251,-10.1171],[-37.7206,-10.1188],[-37.7129,-10.121],[-37.707,-10.1222],[-37.7023,-10.1259],[-37.6952,-10.1279],[-37.6904,-10.1234],[-37.6855,-10.1223],[-37.6786,-10.1226],[-37.6745,-10.128],[-37.6673,-10.1258],[-37.6635,-10.1279],[-37.6604,-10.1258],[-37.6574,-10.1205],[-37.6519,-10.1209],[-37.6476,-10.1139],[-37.6412,-10.1104],[-37.6371,-10.1086],[-37.63,-10.1023],[-37.6252,-10.1046],[-37.6212,-10.1048],[-37.6181,-10.0967],[-37.6103,-10.0963],[-37.6078,-10.1015],[-37.6027,-10.1012],[-37.5979,-10.0937],[-37.5954,-10.0971],[-37.59,-10.0939],[-37.5889,-10.0898],[-37.585,-10.0946],[-37.5775,-10.1002],[-37.5739,-10.1029],[-37.5683,-10.1081],[-37.5624,-10.1071],[-37.5617,-10.1141],[-37.5607,-10.1195],[-37.5547,-10.1191],[-37.5543,-10.1147],[-37.5491,-10.1126],[-37.5439,-10.1147],[-37.5417,-10.1128],[-37.5355,-10.1107],[-37.5315,-10.1137],[-37.5239,-10.1107],[-37.5226,-10.1046],[-37.5189,-10.109],[-37.5143,-10.1057],[-37.5119,-10.1015],[-37.5053,-10.1044],[-37.4958,-10.0972],[-37.4925,-10.1003],[-37.4887,-10.1001],[-37.4827,-10.0897],[-37.479,-10.0925],[-37.4739,-10.0938],[-37.4678,-10.0936],[-37.463,-10.0936],[-37.4595,-10.0959],[-37.4604,-10.1024],[-37.4554,-10.1022],[-37.4473,-10.1051],[-37.4431,-10.1012],[-37.4363,-10.1018],[-37.436,-10.0956],[-37.4385,-10.09],[-37.433,-10.0853],[-37.4395,-10.0852],[-37.4426,-10.0777],[-37.4402,-10.0734],[-37.4335,-10.0723],[-37.4274,-10.076],[-37.4274,-10.0704],[-37.4293,-10.0637],[-37.4241,-10.0693],[-37.4192,-10.0727],[-37.4149,-10.0775],[-37.413,-10.0711],[-37.4191,-10.0685],[-37.4215,-10.0644],[-37.4201,-10.0622]]]}},{"type":"Feature","properties":{"ibge":"2804300","nm":"MURIBECA","cd":"31852","i":55},"geometry":{"type":"Polygon","coordinates":[[[-37.0181,-10.3321],[-37.0126,-10.3309],[-37.0097,-10.3285],[-37.0052,-10.327],[-37.0013,-10.328],[-36.9981,-10.3324],[-36.9996,-10.3391],[-36.9958,-10.3443],[-36.9956,-10.3496],[-36.9958,-10.3548],[-36.9942,-10.3591],[-36.9917,-10.3611],[-36.9901,-10.3643],[-36.987,-10.3657],[-36.9838,-10.371],[-36.9801,-10.3705],[-36.9779,-10.3726],[-36.9791,-10.3759],[-36.9824,-10.3777],[-36.9856,-10.383],[-36.9859,-10.3875],[-36.9833,-10.391],[-36.9808,-10.3943],[-36.9842,-10.3983],[-36.9812,-10.4011],[-36.9853,-10.403],[-36.9803,-10.4062],[-36.978,-10.408],[-36.9753,-10.4134],[-36.9737,-10.4192],[-36.9695,-10.4228],[-36.9675,-10.4299],[-36.9644,-10.4329],[-36.9651,-10.4371],[-36.9627,-10.4396],[-36.9575,-10.4437],[-36.954,-10.4431],[-36.9466,-10.4445],[-36.9419,-10.4462],[-36.9382,-10.4487],[-36.9364,-10.4509],[-36.9333,-10.4419],[-36.9332,-10.4356],[-36.9347,-10.4319],[-36.9323,-10.4263],[-36.925,-10.4266],[-36.921,-10.4232],[-36.9134,-10.4203],[-36.9059,-10.4169],[-36.903,-10.4026],[-36.912,-10.3972],[-36.9508,-10.3568],[-37.0181,-10.3321]]]}},{"type":"Feature","properties":{"ibge":"2804409","nm":"NEÓPOLIS","cd":"31879","i":67},"geometry":{"type":"Polygon","coordinates":[[[-36.7053,-10.4006],[-36.6545,-10.4022],[-36.6478,-10.3999],[-36.6337,-10.4025],[-36.6127,-10.4116],[-36.6085,-10.4235],[-36.6086,-10.429],[-36.6,-10.4928],[-36.5959,-10.4871],[-36.5919,-10.4821],[-36.5965,-10.4795],[-36.6,-10.4778],[-36.5968,-10.4729],[-36.5971,-10.4664],[-36.5956,-10.4611],[-36.5946,-10.4557],[-36.5954,-10.449],[-36.5908,-10.4454],[-36.5859,-10.4513],[-36.5868,-10.4452],[-36.5821,-10.4409],[-36.5793,-10.4382],[-36.5752,-10.4349],[-36.5694,-10.4343],[-36.566,-10.4323],[-36.56,-10.4066],[-36.5581,-10.3907],[-36.5576,-10.3701],[-36.5649,-10.3559],[-36.5639,-10.343],[-36.5676,-10.3287],[-36.5708,-10.3191],[-36.5761,-10.3112],[-36.5873,-10.3013],[-36.6536,-10.3211],[-36.6858,-10.2712],[-36.7016,-10.2704],[-36.7055,-10.2839],[-36.7168,-10.2826],[-36.721,-10.2806],[-36.7256,-10.2797],[-36.7325,-10.2792],[-36.7371,-10.2813],[-36.7389,-10.2714],[-36.7447,-10.2653],[-36.7481,-10.2631],[-36.7577,-10.26],[-36.7595,-10.2546],[-36.7699,-10.2609],[-36.7747,-10.2637],[-36.7783,-10.2649],[-36.7868,-10.2626],[-36.7925,-10.2718],[-36.7972,-10.2801],[-36.8047,-10.2805],[-36.7955,-10.2828],[-36.793,-10.2908],[-36.79,-10.2964],[-36.7864,-10.3019],[-36.7782,-10.3075],[-36.7741,-10.3094],[-36.768,-10.3146],[-36.7618,-10.3189],[-36.7563,-10.316],[-36.7468,-10.3168],[-36.7415,-10.3192],[-36.7382,-10.324],[-36.736,-10.3269],[-36.7373,-10.3351],[-36.7358,-10.3465],[-36.7341,-10.3521],[-36.7327,-10.3584],[-36.7248,-10.3751],[-36.7211,-10.3774],[-36.7176,-10.383],[-36.7124,-10.3903],[-36.7094,-10.3953],[-36.7057,-10.3997],[-36.7053,-10.4006]]]}},{"type":"Feature","properties":{"ibge":"2804458","nm":"NOSSA SENHORA APARECIDA","cd":"31356","i":41},"geometry":{"type":"Polygon","coordinates":[[[-37.4104,-10.4168],[-37.4111,-10.3543],[-37.413,-10.346],[-37.4104,-10.336],[-37.4114,-10.3283],[-37.4067,-10.3217],[-37.4053,-10.3141],[-37.4042,-10.3044],[-37.4033,-10.292],[-37.4067,-10.2896],[-37.4078,-10.2935],[-37.4097,-10.2977],[-37.4097,-10.3046],[-37.4143,-10.3028],[-37.4201,-10.3065],[-37.421,-10.3026],[-37.4257,-10.3032],[-37.4288,-10.3029],[-37.4283,-10.3082],[-37.436,-10.3034],[-37.4347,-10.2969],[-37.4395,-10.2972],[-37.4434,-10.2941],[-37.4475,-10.2912],[-37.4484,-10.2886],[-37.4523,-10.2921],[-37.4563,-10.2903],[-37.4591,-10.2879],[-37.4599,-10.2822],[-37.4627,-10.2779],[-37.466,-10.2839],[-37.4687,-10.2816],[-37.4714,-10.2903],[-37.4752,-10.2886],[-37.479,-10.2926],[-37.4848,-10.2933],[-37.4839,-10.2887],[-37.4819,-10.2844],[-37.4858,-10.2864],[-37.4895,-10.2831],[-37.4941,-10.2884],[-37.4973,-10.2945],[-37.5008,-10.2932],[-37.5062,-10.2933],[-37.5094,-10.2923],[-37.5104,-10.2961],[-37.5138,-10.2952],[-37.5149,-10.2886],[-37.519,-10.2893],[-37.5231,-10.2887],[-37.5256,-10.2837],[-37.527,-10.281],[-37.5311,-10.2798],[-37.5369,-10.2785],[-37.539,-10.2745],[-37.5417,-10.2698],[-37.5413,-10.2681],[-37.5403,-10.2653],[-37.539,-10.2599],[-37.5446,-10.2581],[-37.5504,-10.2583],[-37.5504,-10.2612],[-37.5533,-10.2667],[-37.5574,-10.2649],[-37.5584,-10.258],[-37.5634,-10.2599],[-37.5666,-10.2556],[-37.5688,-10.2537],[-37.5693,-10.2484],[-37.5751,-10.2472],[-37.5792,-10.2455],[-37.5816,-10.2404],[-37.5889,-10.2438],[-37.5925,-10.2494],[-37.6114,-10.2775],[-37.5785,-10.3302],[-37.5797,-10.3429],[-37.5784,-10.353],[-37.5769,-10.3594],[-37.577,-10.3669],[-37.5475,-10.4618],[-37.4211,-10.4018],[-37.4104,-10.4168]]]}},{"type":"Feature","properties":{"ibge":"2804508","nm":"NOSSA SENHORA DA GLÓRIA","cd":"31895","i":1},"geometry":{"type":"Polygon","coordinates":[[[-37.5966,-10.2505],[-37.5903,-10.2486],[-37.5845,-10.2432],[-37.5777,-10.2431],[-37.5793,-10.2464],[-37.5737,-10.2485],[-37.5688,-10.2496],[-37.569,-10.2554],[-37.5655,-10.2578],[-37.5612,-10.2611],[-37.557,-10.2592],[-37.5567,-10.2658],[-37.5524,-10.264],[-37.5534,-10.2602],[-37.5494,-10.259],[-37.5432,-10.259],[-37.5404,-10.2614],[-37.5424,-10.2643],[-37.5432,-10.2686],[-37.54,-10.2702],[-37.5384,-10.2755],[-37.5351,-10.2791],[-37.5321,-10.283],[-37.5261,-10.2806],[-37.5244,-10.2858],[-37.5223,-10.2901],[-37.5176,-10.2885],[-37.5134,-10.2896],[-37.5126,-10.2957],[-37.5084,-10.2955],[-37.5079,-10.2909],[-37.5045,-10.2953],[-37.5,-10.2923],[-37.4961,-10.2929],[-37.4934,-10.2865],[-37.4867,-10.2845],[-37.4839,-10.2839],[-37.4835,-10.2864],[-37.4818,-10.2899],[-37.4832,-10.2955],[-37.4789,-10.2906],[-37.4739,-10.2892],[-37.4696,-10.2897],[-37.4678,-10.2816],[-37.4649,-10.2821],[-37.4611,-10.2787],[-37.4587,-10.2836],[-37.4574,-10.2876],[-37.4558,-10.291],[-37.4514,-10.2918],[-37.4473,-10.2888],[-37.4487,-10.2936],[-37.4431,-10.297],[-37.4377,-10.2967],[-37.4363,-10.2999],[-37.4329,-10.305],[-37.4279,-10.3066],[-37.4272,-10.3011],[-37.4237,-10.3042],[-37.4202,-10.3029],[-37.4187,-10.3068],[-37.4115,-10.3038],[-37.4095,-10.3032],[-37.4075,-10.296],[-37.4075,-10.2919],[-37.4056,-10.2907],[-37.4028,-10.2897],[-37.4052,-10.2837],[-37.4051,-10.2578],[-37.4084,-10.2457],[-37.3934,-10.2508],[-37.3927,-10.2443],[-37.3907,-10.2391],[-37.3903,-10.2343],[-37.3874,-10.2285],[-37.3837,-10.2183],[-37.3141,-10.1538],[-37.3543,-10.1109],[-37.4215,-10.0644],[-37.4191,-10.0685],[-37.413,-10.0711],[-37.4149,-10.0775],[-37.4192,-10.0727],[-37.4241,-10.0693],[-37.4293,-10.0637],[-37.4274,-10.0704],[-37.4274,-10.076],[-37.4335,-10.0723],[-37.4402,-10.0734],[-37.4426,-10.0777],[-37.4395,-10.0852],[-37.433,-10.0853],[-37.4385,-10.09],[-37.436,-10.0956],[-37.4363,-10.1018],[-37.4431,-10.1012],[-37.4473,-10.1051],[-37.4554,-10.1022],[-37.4604,-10.1024],[-37.4595,-10.0959],[-37.463,-10.0936],[-37.4678,-10.0936],[-37.4739,-10.0938],[-37.479,-10.0925],[-37.4827,-10.0897],[-37.4887,-10.1001],[-37.4925,-10.1003],[-37.4958,-10.0972],[-37.5053,-10.1044],[-37.5119,-10.1015],[-37.5143,-10.1057],[-37.5189,-10.109],[-37.5226,-10.1046],[-37.5239,-10.1107],[-37.5315,-10.1137],[-37.5355,-10.1107],[-37.5417,-10.1128],[-37.5439,-10.1147],[-37.5491,-10.1126],[-37.5543,-10.1147],[-37.5547,-10.1191],[-37.5607,-10.1195],[-37.5617,-10.1141],[-37.5624,-10.1071],[-37.5683,-10.1081],[-37.5739,-10.1029],[-37.5775,-10.1002],[-37.585,-10.0946],[-37.5889,-10.0898],[-37.59,-10.0939],[-37.5954,-10.0971],[-37.5979,-10.0937],[-37.6027,-10.1012],[-37.6078,-10.1015],[-37.6103,-10.0963],[-37.6181,-10.0967],[-37.6212,-10.1048],[-37.6252,-10.1046],[-37.63,-10.1023],[-37.6371,-10.1086],[-37.6412,-10.1104],[-37.6476,-10.1139],[-37.6519,-10.1209],[-37.6574,-10.1205],[-37.6604,-10.1258],[-37.6635,-10.1279],[-37.6673,-10.1258],[-37.6745,-10.128],[-37.6786,-10.1226],[-37.6855,-10.1223],[-37.6904,-10.1234],[-37.6952,-10.1279],[-37.7023,-10.1259],[-37.707,-10.1222],[-37.7129,-10.121],[-37.7206,-10.1188],[-37.7251,-10.1171],[-37.7273,-10.1137],[-37.7359,-10.1119],[-37.7454,-10.1121],[-37.7519,-10.1074],[-37.757,-10.1072],[-37.7611,-10.105],[-37.7669,-10.1015],[-37.7699,-10.1008],[-37.773,-10.0998],[-37.782,-10.0961],[-37.7859,-10.0983],[-37.7847,-10.1057],[-37.7826,-10.1154],[-37.7795,-10.13],[-37.7725,-10.1415],[-37.7755,-10.1458],[-37.7752,-10.1534],[-37.7767,-10.1591],[-37.78,-10.165],[-37.7813,-10.1721],[-37.7833,-10.1795],[-37.7821,-10.1837],[-37.7802,-10.188],[-37.7714,-10.1919],[-37.7613,-10.196],[-37.7548,-10.1985],[-37.7499,-10.1977],[-37.7438,-10.1965],[-37.7392,-10.1956],[-37.7324,-10.1944],[-37.7259,-10.1898],[-37.7212,-10.1878],[-37.7173,-10.1879],[-37.7107,-10.1905],[-37.7008,-10.1938],[-37.7008,-10.2007],[-37.6958,-10.2059],[-37.6922,-10.2061],[-37.6885,-10.2036],[-37.6832,-10.2068],[-37.6769,-10.2061],[-37.6712,-10.2094],[-37.6645,-10.2134],[-37.6574,-10.2178],[-37.6512,-10.2232],[-37.648,-10.227],[-37.645,-10.2297],[-37.6378,-10.2344],[-37.6328,-10.2384],[-37.6273,-10.2423],[-37.6238,-10.2439],[-37.6167,-10.2404],[-37.6128,-10.2456],[-37.6109,-10.2492],[-37.6081,-10.2448],[-37.6082,-10.2411],[-37.6045,-10.2403],[-37.603,-10.2429],[-37.5985,-10.2497],[-37.5966,-10.2505]]]}},{"type":"Feature","properties":{"ibge":"2804607","nm":"NOSSA SENHORA DAS DORES","cd":"31917","i":34},"geometry":{"type":"Polygon","coordinates":[[[-37.2073,-10.6076],[-37.2056,-10.6026],[-37.201,-10.6016],[-37.1999,-10.5976],[-37.1944,-10.5932],[-37.1915,-10.5905],[-37.1876,-10.5901],[-37.185,-10.5834],[-37.179,-10.5815],[-37.1768,-10.5778],[-37.173,-10.5746],[-37.1808,-10.5628],[-37.1397,-10.507],[-37.1372,-10.4541],[-37.1279,-10.4463],[-37.1214,-10.4436],[-37.1171,-10.4386],[-37.1132,-10.4333],[-37.1113,-10.4195],[-37.1102,-10.4178],[-37.1118,-10.4121],[-37.118,-10.4122],[-37.1184,-10.4093],[-37.1235,-10.4072],[-37.1263,-10.4088],[-37.1292,-10.4077],[-37.1339,-10.4101],[-37.1398,-10.4111],[-37.1412,-10.4151],[-37.1476,-10.4162],[-37.1511,-10.4177],[-37.1546,-10.4125],[-37.1593,-10.4115],[-37.1639,-10.4118],[-37.1681,-10.4161],[-37.1742,-10.4143],[-37.1779,-10.4174],[-37.1824,-10.4157],[-37.1861,-10.4101],[-37.1916,-10.4055],[-37.1967,-10.4031],[-37.2048,-10.4044],[-37.2082,-10.4022],[-37.2116,-10.3914],[-37.2283,-10.3779],[-37.2323,-10.3676],[-37.2371,-10.3611],[-37.2403,-10.3565],[-37.2417,-10.3506],[-37.2396,-10.3425],[-37.2415,-10.3363],[-37.2444,-10.3309],[-37.2482,-10.3251],[-37.2471,-10.3151],[-37.2374,-10.3087],[-37.2355,-10.3018],[-37.2414,-10.2981],[-37.247,-10.2999],[-37.2585,-10.3053],[-37.2676,-10.3042],[-37.2704,-10.3147],[-37.279,-10.3118],[-37.2858,-10.3142],[-37.2931,-10.3192],[-37.2978,-10.325],[-37.3019,-10.3304],[-37.3034,-10.3351],[-37.3057,-10.3413],[-37.3084,-10.3457],[-37.312,-10.3494],[-37.3157,-10.3514],[-37.3168,-10.3545],[-37.3168,-10.3601],[-37.3215,-10.363],[-37.3244,-10.3681],[-37.3259,-10.3747],[-37.3302,-10.3753],[-37.3369,-10.3781],[-37.342,-10.378],[-37.3455,-10.3806],[-37.3412,-10.3832],[-37.3393,-10.3852],[-37.3448,-10.3916],[-37.3468,-10.3983],[-37.3456,-10.4006],[-37.3373,-10.4003],[-37.3331,-10.4031],[-37.3299,-10.4117],[-37.3318,-10.4178],[-37.3275,-10.4191],[-37.3251,-10.4229],[-37.3301,-10.4228],[-37.3331,-10.4282],[-37.3276,-10.4315],[-37.3225,-10.4343],[-37.3167,-10.4318],[-37.3091,-10.4255],[-37.3041,-10.4286],[-37.3015,-10.4364],[-37.2925,-10.435],[-37.2942,-10.4395],[-37.2946,-10.4492],[-37.2902,-10.4478],[-37.289,-10.4554],[-37.2919,-10.4592],[-37.2904,-10.4664],[-37.2851,-10.4643],[-37.2804,-10.4615],[-37.3014,-10.4752],[-37.3527,-10.4889],[-37.3468,-10.5068],[-37.3205,-10.5402],[-37.3174,-10.5449],[-37.313,-10.5459],[-37.3102,-10.5495],[-37.3116,-10.5547],[-37.313,-10.558],[-37.3098,-10.562],[-37.3085,-10.5669],[-37.3054,-10.5686],[-37.3028,-10.5747],[-37.2943,-10.5763],[-37.2797,-10.5752],[-37.269,-10.5764],[-37.2632,-10.5773],[-37.2595,-10.5805],[-37.2547,-10.5862],[-37.2507,-10.5931],[-37.2459,-10.5934],[-37.2429,-10.5988],[-37.2387,-10.5995],[-37.2357,-10.6037],[-37.2289,-10.6064],[-37.2234,-10.6085],[-37.2204,-10.6105],[-37.2168,-10.6139],[-37.2167,-10.6164],[-37.2123,-10.6167],[-37.2084,-10.6212],[-37.2041,-10.6242],[-37.2037,-10.6119],[-37.2073,-10.6076]]]}},{"type":"Feature","properties":{"ibge":"2804706","nm":"NOSSA SENHORA DE LOURDES","cd":"31933","i":47},"geometry":{"type":"Polygon","coordinates":[[[-36.9535,-10.0228],[-37.0298,-10.0569],[-37.0665,-10.1364],[-37.0606,-10.1326],[-37.0568,-10.1312],[-37.0555,-10.1266],[-37.0527,-10.126],[-37.0476,-10.1258],[-37.045,-10.1274],[-37.0439,-10.1326],[-37.0413,-10.1323],[-37.0404,-10.1373],[-37.0353,-10.1342],[-37.0322,-10.1275],[-37.0287,-10.1216],[-36.9909,-10.0851],[-36.9527,-10.0611],[-36.9566,-10.0537],[-36.9529,-10.0321],[-36.9535,-10.0228]]]}},{"type":"Feature","properties":{"ibge":"2804805","nm":"NOSSA SENHORA DO SOCORRO","cd":"31950","i":5},"geometry":{"type":"Polygon","coordinates":[[[-37.0339,-10.8701],[-37.031,-10.84],[-37.0573,-10.823],[-37.0705,-10.8236],[-37.0911,-10.8234],[-37.1058,-10.8198],[-37.1116,-10.8293],[-37.1266,-10.8335],[-37.1378,-10.8349],[-37.1441,-10.8323],[-37.1509,-10.835],[-37.1549,-10.833],[-37.1586,-10.8338],[-37.1605,-10.8364],[-37.1671,-10.8393],[-37.1692,-10.84],[-37.1757,-10.8447],[-37.1767,-10.8499],[-37.1786,-10.8543],[-37.1837,-10.8535],[-37.1938,-10.8514],[-37.2003,-10.8502],[-37.2077,-10.8467],[-37.2149,-10.8481],[-37.2196,-10.8447],[-37.2272,-10.8393],[-37.2333,-10.8363],[-37.2376,-10.8356],[-37.3177,-10.8316],[-37.3121,-10.8323],[-37.3052,-10.836],[-37.3008,-10.8442],[-37.295,-10.8487],[-37.2889,-10.8519],[-37.2835,-10.8504],[-37.2739,-10.8511],[-37.2689,-10.8476],[-37.2641,-10.8491],[-37.2597,-10.8519],[-37.2524,-10.855],[-37.2485,-10.8561],[-37.2464,-10.861],[-37.2391,-10.8681],[-37.2322,-10.8695],[-37.2239,-10.8743],[-37.2195,-10.8771],[-37.2124,-10.8764],[-37.2056,-10.8757],[-37.2037,-10.8797],[-37.201,-10.8856],[-37.1959,-10.8892],[-37.1895,-10.886],[-37.1862,-10.8899],[-37.1821,-10.896],[-37.1739,-10.8996],[-37.1724,-10.9048],[-37.172,-10.9118],[-37.1688,-10.9134],[-37.1629,-10.9193],[-37.1586,-10.9239],[-37.1533,-10.9225],[-37.1358,-10.9239],[-37.1225,-10.9188],[-37.1074,-10.9149],[-37.1075,-10.9048],[-37.1028,-10.8962],[-37.1026,-10.8921],[-37.1036,-10.8858],[-37.0976,-10.8865],[-37.1012,-10.8799],[-37.1014,-10.8752],[-37.09,-10.8718],[-37.0818,-10.8625],[-37.0718,-10.8664],[-37.0698,-10.8754],[-37.0631,-10.8712],[-37.0551,-10.8637],[-37.0462,-10.8632],[-37.0339,-10.8701]]]}},{"type":"Feature","properties":{"ibge":"2804904","nm":"PACATUBA","cd":"31976","i":39},"geometry":{"type":"Polygon","coordinates":[[[-36.7575,-10.5902],[-36.7534,-10.5942],[-36.7501,-10.5949],[-36.6729,-10.6308],[-36.6392,-10.6064],[-36.5924,-10.5765],[-36.583,-10.5724],[-36.5647,-10.5668],[-36.5273,-10.5513],[-36.5009,-10.542],[-36.4903,-10.5376],[-36.4941,-10.534],[-36.4869,-10.5319],[-36.4994,-10.513],[-36.5874,-10.4995],[-36.607,-10.4311],[-36.6092,-10.4251],[-36.5988,-10.4151],[-36.6314,-10.4034],[-36.6459,-10.4009],[-36.6532,-10.4012],[-36.7019,-10.4057],[-36.7105,-10.4026],[-36.7064,-10.4073],[-36.7044,-10.412],[-36.7025,-10.4172],[-36.709,-10.4343],[-36.713,-10.4469],[-36.712,-10.4531],[-36.7131,-10.4583],[-36.7184,-10.473],[-36.7206,-10.4876],[-36.7171,-10.4937],[-36.7175,-10.4996],[-36.7185,-10.5034],[-36.7173,-10.5143],[-36.7206,-10.5271],[-36.7324,-10.5322],[-36.7437,-10.5342],[-36.7497,-10.5396],[-36.7514,-10.5493],[-36.754,-10.5529],[-36.7467,-10.5598],[-36.7452,-10.5641],[-36.7481,-10.5691],[-36.7478,-10.5767],[-36.7509,-10.5802],[-36.7533,-10.5859],[-36.756,-10.5913],[-36.7575,-10.5902]]]}},{"type":"Feature","properties":{"ibge":"2805000","nm":"PEDRA MOLE","cd":"31992","i":74},"geometry":{"type":"Polygon","coordinates":[[[-37.6629,-10.7173],[-37.6629,-10.712],[-37.6647,-10.7054],[-37.6618,-10.7006],[-37.6646,-10.6933],[-37.6641,-10.6811],[-37.6685,-10.6744],[-37.6656,-10.6673],[-37.6615,-10.6591],[-37.6621,-10.6549],[-37.6554,-10.6468],[-37.6516,-10.6371],[-37.6518,-10.6289],[-37.6499,-10.6192],[-37.6467,-10.6105],[-37.6429,-10.6066],[-37.675,-10.5539],[-37.6954,-10.582],[-37.7049,-10.5921],[-37.7064,-10.6027],[-37.7068,-10.6069],[-37.7125,-10.6089],[-37.7197,-10.6246],[-37.7165,-10.6306],[-37.7115,-10.6341],[-37.7053,-10.6334],[-37.7031,-10.6411],[-37.6951,-10.6384],[-37.6979,-10.6475],[-37.7025,-10.6525],[-37.7068,-10.6563],[-37.7088,-10.6632],[-37.715,-10.6689],[-37.7075,-10.6717],[-37.7041,-10.6697],[-37.7036,-10.6757],[-37.6992,-10.6799],[-37.6927,-10.6846],[-37.6864,-10.6822],[-37.6829,-10.6876],[-37.6845,-10.6945],[-37.6783,-10.6959],[-37.6752,-10.7001],[-37.6773,-10.7048],[-37.6843,-10.7071],[-37.6804,-10.713],[-37.6729,-10.7099],[-37.6659,-10.7126],[-37.6629,-10.7173]]]}},{"type":"Feature","properties":{"ibge":"2805109","nm":"PEDRINHAS","cd":"32018","i":4},"geometry":{"type":"Polygon","coordinates":[[[-37.5965,-11.2035],[-37.6022,-11.2009],[-37.6071,-11.1998],[-37.6165,-11.2003],[-37.6219,-11.1996],[-37.6384,-11.1987],[-37.6704,-11.183],[-37.6768,-11.1889],[-37.681,-11.1853],[-37.6851,-11.1782],[-37.6888,-11.1737],[-37.7034,-11.1933],[-37.6991,-11.1962],[-37.6966,-11.2006],[-37.6956,-11.205],[-37.6897,-11.2036],[-37.6855,-11.2113],[-37.6845,-11.2155],[-37.6829,-11.2209],[-37.6775,-11.2321],[-37.6748,-11.2354],[-37.6708,-11.2378],[-37.6655,-11.228],[-37.6611,-11.2205],[-37.6582,-11.2191],[-37.6448,-11.2186],[-37.6401,-11.218],[-37.6342,-11.2199],[-37.6262,-11.2174],[-37.6141,-11.2149],[-37.6081,-11.2167],[-37.5993,-11.2134],[-37.5962,-11.2084],[-37.5965,-11.2035]]]}},{"type":"Feature","properties":{"ibge":"2805208","nm":"PINHÃO","cd":"32034","i":68},"geometry":{"type":"Polygon","coordinates":[[[-37.8063,-10.6005],[-37.8014,-10.5918],[-37.7946,-10.5952],[-37.7868,-10.6002],[-37.7793,-10.6005],[-37.7674,-10.6061],[-37.7675,-10.6174],[-37.7558,-10.6238],[-37.7498,-10.6212],[-37.7412,-10.6297],[-37.7374,-10.6325],[-37.7278,-10.6325],[-37.7212,-10.6353],[-37.7241,-10.6413],[-37.7154,-10.6452],[-37.7105,-10.639],[-37.7092,-10.6328],[-37.716,-10.6338],[-37.7195,-10.6274],[-37.7146,-10.6124],[-37.7081,-10.6085],[-37.7049,-10.606],[-37.7046,-10.5964],[-37.7005,-10.5846],[-37.6886,-10.5319],[-37.7273,-10.5124],[-37.7357,-10.5158],[-37.7427,-10.5143],[-37.7483,-10.5134],[-37.7547,-10.5104],[-37.765,-10.5085],[-37.7708,-10.5071],[-37.7772,-10.5087],[-37.7831,-10.5118],[-37.7875,-10.5112],[-37.7947,-10.5103],[-37.8025,-10.5104],[-37.8064,-10.5119],[-37.8129,-10.5161],[-37.8186,-10.5225],[-37.8196,-10.5264],[-37.8224,-10.5306],[-37.8196,-10.5382],[-37.8241,-10.5378],[-37.829,-10.5405],[-37.8292,-10.5469],[-37.8334,-10.5492],[-37.8377,-10.5479],[-37.8413,-10.5505],[-37.8397,-10.5558],[-37.8335,-10.5606],[-37.8346,-10.5638],[-37.8329,-10.567],[-37.8309,-10.5728],[-37.8319,-10.5783],[-37.8259,-10.581],[-37.8294,-10.5828],[-37.8287,-10.5858],[-37.8218,-10.5866],[-37.8165,-10.5901],[-37.8137,-10.5966],[-37.8063,-10.6005]]]}},{"type":"Feature","properties":{"ibge":"2805307","nm":"PIRAMBU","cd":"32050","i":45},"geometry":{"type":"Polygon","coordinates":[[[-36.8728,-10.7412],[-36.8672,-10.7434],[-36.8635,-10.7424],[-36.8546,-10.7426],[-36.8481,-10.741],[-36.8333,-10.7261],[-36.7977,-10.6975],[-36.7844,-10.6882],[-36.7622,-10.6748],[-36.7424,-10.6626],[-36.7271,-10.6544],[-36.6875,-10.6387],[-36.6737,-10.6288],[-36.7511,-10.5933],[-36.7559,-10.5942],[-36.7588,-10.5892],[-36.7633,-10.5832],[-36.7683,-10.5788],[-36.7786,-10.5773],[-36.8941,-10.661],[-36.9235,-10.6769],[-36.9155,-10.6764],[-36.9102,-10.6767],[-36.9077,-10.6808],[-36.9026,-10.6851],[-36.8998,-10.6926],[-36.9012,-10.6975],[-36.9011,-10.7027],[-36.8965,-10.7048],[-36.8926,-10.7043],[-36.8922,-10.7003],[-36.8855,-10.7017],[-36.888,-10.6994],[-36.8864,-10.6972],[-36.8801,-10.6973],[-36.8789,-10.698],[-36.8773,-10.7016],[-36.8746,-10.7068],[-36.8739,-10.7071],[-36.8704,-10.7074],[-36.8705,-10.7112],[-36.8693,-10.7145],[-36.8701,-10.7207],[-36.8704,-10.7255],[-36.8685,-10.7306],[-36.869,-10.7335],[-36.8727,-10.7359],[-36.8728,-10.7412]]]}},{"type":"Feature","properties":{"ibge":"2805406","nm":"POÇO REDONDO","cd":"32077","i":20},"geometry":{"type":"Polygon","coordinates":[[[-37.6662,-10.0157],[-37.6649,-10.0042],[-37.6594,-9.9969],[-37.6501,-9.9928],[-37.6431,-9.9841],[-37.6365,-9.9769],[-37.6253,-9.9728],[-37.6162,-9.972],[-37.6076,-9.9685],[-37.5278,-9.847],[-37.4731,-9.7464],[-37.4885,-9.7467],[-37.4981,-9.7462],[-37.5154,-9.7459],[-37.5336,-9.7415],[-37.545,-9.7409],[-37.5625,-9.74],[-37.5818,-9.7341],[-37.5971,-9.7213],[-37.6085,-9.7154],[-37.6166,-9.7107],[-37.6305,-9.7021],[-37.6373,-9.6931],[-37.6437,-9.6912],[-37.6541,-9.6863],[-37.6596,-9.6782],[-37.6659,-9.6659],[-37.8233,-9.7015],[-37.8348,-9.7213],[-37.844,-9.7492],[-37.8436,-9.7693],[-37.8531,-9.7777],[-37.8548,-9.7934],[-37.8599,-9.8057],[-37.8631,-9.8224],[-37.867,-9.836],[-37.867,-9.8474],[-37.8712,-9.8677],[-37.8715,-9.8776],[-37.8718,-9.8834],[-37.8705,-9.8898],[-37.8655,-9.8962],[-37.8699,-9.9012],[-37.8771,-9.9085],[-37.8853,-9.9126],[-37.8915,-9.9141],[-37.8995,-9.9134],[-37.9021,-9.9189],[-37.9035,-9.925],[-37.907,-9.9294],[-37.9121,-9.933],[-37.9113,-9.9377],[-37.9047,-9.9407],[-37.895,-9.9428],[-37.8975,-9.948],[-37.893,-9.9575],[-37.8875,-9.9628],[-37.8828,-9.9667],[-37.8761,-9.977],[-37.8561,-9.9892],[-37.8472,-9.9943],[-37.8469,-9.9992],[-37.8418,-10.0064],[-37.8303,-10.0198],[-37.8263,-10.0232],[-37.8277,-10.0277],[-37.8258,-10.0306],[-37.8232,-10.0366],[-37.8148,-10.0327],[-37.8095,-10.0321],[-37.805,-10.0321],[-37.8013,-10.0316],[-37.7936,-10.0328],[-37.7887,-10.0317],[-37.7847,-10.0324],[-37.7806,-10.0333],[-37.7743,-10.0318],[-37.7696,-10.0319],[-37.7646,-10.031],[-37.7598,-10.0285],[-37.7586,-10.0272],[-37.7553,-10.0258],[-37.7485,-10.0267],[-37.7442,-10.0299],[-37.7399,-10.0288],[-37.7387,-10.0247],[-37.7335,-10.021],[-37.731,-10.024],[-37.7262,-10.0273],[-37.7219,-10.0275],[-37.7167,-10.0238],[-37.7139,-10.0218],[-37.7082,-10.0184],[-37.7021,-10.0138],[-37.6981,-10.0194],[-37.6946,-10.0204],[-37.6896,-10.0233],[-37.6862,-10.0271],[-37.681,-10.0275],[-37.6738,-10.0263],[-37.671,-10.0228],[-37.6689,-10.019],[-37.6662,-10.0157]]]}},{"type":"Feature","properties":{"ibge":"2805505","nm":"POÇO VERDE","cd":"32093","i":10},"geometry":{"type":"Polygon","coordinates":[[[-37.9702,-10.8248],[-37.9748,-10.7581],[-38.0231,-10.7281],[-38.0277,-10.7268],[-38.0337,-10.7247],[-38.0301,-10.7136],[-38.0337,-10.7068],[-38.0401,-10.7015],[-38.0486,-10.7035],[-38.0535,-10.7091],[-38.0592,-10.7126],[-38.0665,-10.7149],[-38.0716,-10.7148],[-38.078,-10.7145],[-38.0866,-10.7139],[-38.0919,-10.7132],[-38.0984,-10.7124],[-38.1078,-10.7145],[-38.1127,-10.7131],[-38.1175,-10.7166],[-38.122,-10.7177],[-38.1271,-10.7179],[-38.1315,-10.7187],[-38.1365,-10.7178],[-38.1421,-10.7183],[-38.1459,-10.7173],[-38.1521,-10.7145],[-38.1595,-10.7119],[-38.1627,-10.7109],[-38.17,-10.711],[-38.1725,-10.7076],[-38.1818,-10.7064],[-38.1878,-10.7082],[-38.1946,-10.7085],[-38.2019,-10.7095],[-38.2062,-10.7121],[-38.2098,-10.7151],[-38.2123,-10.7198],[-38.2138,-10.7244],[-38.2149,-10.7295],[-38.2129,-10.7356],[-38.2127,-10.7405],[-38.2135,-10.7497],[-38.2112,-10.7546],[-38.2114,-10.7634],[-38.2159,-10.7704],[-38.2172,-10.7758],[-38.2187,-10.7815],[-38.2233,-10.787],[-38.2293,-10.7899],[-38.2329,-10.7924],[-38.2351,-10.7942],[-38.2383,-10.7999],[-38.237,-10.8035],[-38.237,-10.8077],[-38.2345,-10.8123],[-38.2387,-10.8164],[-38.2428,-10.8203],[-38.2432,-10.826],[-38.2393,-10.8276],[-38.2345,-10.8363],[-38.2321,-10.8428],[-38.2343,-10.8485],[-38.2375,-10.8527],[-38.2382,-10.8601],[-38.2361,-10.8631],[-38.237,-10.8708],[-38.2372,-10.8784],[-38.2338,-10.8843],[-38.2326,-10.8889],[-38.2311,-10.8933],[-38.2285,-10.9002],[-38.2292,-10.9066],[-38.2279,-10.9118],[-38.2247,-10.917],[-38.2215,-10.9206],[-38.2172,-10.9227],[-38.2145,-10.9253],[-38.2103,-10.931],[-38.2072,-10.9235],[-38.2041,-10.9225],[-38.2027,-10.9257],[-38.2021,-10.9354],[-38.2001,-10.9385],[-38.1942,-10.9418],[-38.1887,-10.9408],[-38.1806,-10.9428],[-38.1747,-10.9404],[-38.1697,-10.9411],[-38.1695,-10.9377],[-38.1704,-10.931],[-38.1698,-10.9239],[-38.1633,-10.9206],[-38.1625,-10.9152],[-38.1612,-10.9072],[-38.1604,-10.9025],[-38.1545,-10.8996],[-38.1482,-10.9001],[-38.1403,-10.9006],[-38.1362,-10.8958],[-38.1307,-10.8934],[-38.1251,-10.8846],[-38.1233,-10.8797],[-38.12,-10.8695],[-38.1221,-10.8615],[-38.1245,-10.859],[-38.1259,-10.8572],[-38.1259,-10.8547],[-38.1232,-10.8482],[-38.1197,-10.8451],[-38.1166,-10.8371],[-38.1099,-10.8365],[-38.1054,-10.834],[-38.1032,-10.8307],[-38.0981,-10.8304],[-38.0958,-10.8274],[-38.091,-10.8258],[-38.0859,-10.8245],[-38.0827,-10.8224],[-38.0788,-10.822],[-38.0722,-10.819],[-38.067,-10.8194],[-38.0614,-10.8182],[-38.0567,-10.8173],[-38.0484,-10.8183],[-38.0362,-10.8171],[-38.0279,-10.8149],[-38.0201,-10.8152],[-38.0166,-10.818],[-38.0061,-10.8195],[-37.9988,-10.8192],[-37.9878,-10.8206],[-37.9798,-10.8222],[-37.9702,-10.8248]]]}},{"type":"Feature","properties":{"ibge":"2805604","nm":"PORTO DA FOLHA","cd":"32115","i":52},"geometry":{"type":"Polygon","coordinates":[[[-37.2263,-9.8977],[-37.2385,-9.8965],[-37.2455,-9.8918],[-37.2491,-9.8787],[-37.2541,-9.8679],[-37.2601,-9.854],[-37.264,-9.8474],[-37.2731,-9.8422],[-37.2794,-9.8357],[-37.2915,-9.8289],[-37.2986,-9.8316],[-37.3051,-9.8283],[-37.3132,-9.8238],[-37.3228,-9.8197],[-37.3345,-9.8064],[-37.3401,-9.8004],[-37.3466,-9.7912],[-37.3565,-9.7884],[-37.3732,-9.7841],[-37.3936,-9.7792],[-37.4007,-9.7718],[-37.4099,-9.7626],[-37.4188,-9.7611],[-37.4291,-9.7596],[-37.442,-9.7538],[-37.466,-9.748],[-37.5461,-9.8747],[-37.6086,-9.9698],[-37.6196,-9.974],[-37.6279,-9.9726],[-37.6412,-9.979],[-37.644,-9.9856],[-37.6524,-9.9945],[-37.6627,-9.9975],[-37.6651,-10.0073],[-37.6646,-10.0149],[-37.6592,-10.0144],[-37.6555,-10.0133],[-37.6512,-10.0181],[-37.6466,-10.0195],[-37.6406,-10.0191],[-37.6355,-10.0188],[-37.6339,-10.0233],[-37.6298,-10.0228],[-37.6282,-10.0232],[-37.6266,-10.025],[-37.6195,-10.0265],[-37.6137,-10.0257],[-37.6097,-10.0214],[-37.6028,-10.0191],[-37.5975,-10.0229],[-37.5961,-10.0201],[-37.5946,-10.0158],[-37.5903,-10.0144],[-37.5878,-10.0109],[-37.5883,-10.0048],[-37.5844,-9.999],[-37.5777,-9.998],[-37.5717,-9.9984],[-37.5655,-9.9991],[-37.4701,-10.0225],[-37.4166,-10.0565],[-37.4077,-10.0517],[-37.401,-10.0515],[-37.3976,-10.0448],[-37.3941,-10.049],[-37.3922,-10.0422],[-37.3857,-10.039],[-37.3831,-10.0355],[-37.3788,-10.0278],[-37.3784,-10.0236],[-37.3782,-10.0199],[-37.3723,-10.021],[-37.3771,-10.0143],[-37.379,-10.0097],[-37.3727,-10.0082],[-37.3639,-10.0087],[-37.3653,-10.0149],[-37.36,-10.0136],[-37.354,-10.0156],[-37.3493,-10.0101],[-37.349,-10.0024],[-37.3539,-10.0001],[-37.3506,-9.9931],[-37.3477,-10.0001],[-37.342,-9.9989],[-37.3419,-9.9951],[-37.3395,-9.9895],[-37.3341,-9.9905],[-37.3319,-9.9978],[-37.3338,-10.0046],[-37.3289,-10.0078],[-37.3305,-10.0116],[-37.332,-10.0159],[-37.3163,-10.0088],[-37.308,-9.9996],[-37.3006,-10.0035],[-37.2958,-10.0156],[-37.2895,-10.0129],[-37.2856,-10.0024],[-37.2867,-9.9922],[-37.2775,-9.9889],[-37.2666,-9.9935],[-37.2656,-9.9911],[-37.2678,-9.9812],[-37.2711,-9.9721],[-37.2721,-9.9652],[-37.2673,-9.9604],[-37.2608,-9.9644],[-37.2577,-9.9587],[-37.2305,-9.9105],[-37.2263,-9.8977]]]}},{"type":"Feature","properties":{"ibge":"2805703","nm":"PROPRIÁ","cd":"32131","i":23},"geometry":{"type":"Polygon","coordinates":[[[-36.8677,-10.2282],[-36.8436,-10.2628],[-36.8386,-10.271],[-36.8411,-10.2768],[-36.8397,-10.281],[-36.8365,-10.286],[-36.8374,-10.2896],[-36.832,-10.2926],[-36.8247,-10.294],[-36.8206,-10.297],[-36.8138,-10.2972],[-36.808,-10.2957],[-36.803,-10.2942],[-36.7983,-10.289],[-36.8054,-10.2833],[-36.7989,-10.279],[-36.7939,-10.2731],[-36.7902,-10.2681],[-36.782,-10.2647],[-36.7761,-10.2649],[-36.7712,-10.2608],[-36.7662,-10.2586],[-36.7567,-10.2587],[-36.7487,-10.2616],[-36.7461,-10.2643],[-36.7406,-10.2713],[-36.7373,-10.2791],[-36.7335,-10.2811],[-36.7272,-10.2792],[-36.723,-10.2809],[-36.7172,-10.2814],[-36.7105,-10.2829],[-36.7055,-10.2788],[-36.708,-10.2681],[-36.7212,-10.2646],[-36.7352,-10.2419],[-36.7489,-10.2282],[-36.7583,-10.2249],[-36.7695,-10.2279],[-36.7835,-10.2282],[-36.7934,-10.2259],[-36.7987,-10.2162],[-36.8035,-10.2129],[-36.8201,-10.2138],[-36.8298,-10.2084],[-36.8333,-10.2],[-36.8379,-10.1933],[-36.8471,-10.1887],[-36.8539,-10.1779],[-36.8607,-10.1858],[-36.8677,-10.2282]]]}},{"type":"Feature","properties":{"ibge":"2805802","nm":"RIACHÃO DO DANTAS","cd":"32158","i":17},"geometry":{"type":"Polygon","coordinates":[[[-37.7934,-11.133],[-37.7843,-11.1317],[-37.7787,-11.1318],[-37.7718,-11.1345],[-37.7691,-11.1365],[-37.7641,-11.1429],[-37.7607,-11.1439],[-37.7573,-11.1489],[-37.7506,-11.1481],[-37.7454,-11.153],[-37.7393,-11.1515],[-37.7367,-11.1514],[-37.7319,-11.1552],[-37.7299,-11.1616],[-37.727,-11.1649],[-37.7217,-11.1625],[-37.7171,-11.1632],[-37.7139,-11.167],[-37.7096,-11.1697],[-37.7068,-11.1743],[-37.6725,-11.1486],[-37.6461,-11.1165],[-37.6318,-11.0831],[-37.6237,-11.0881],[-37.6199,-11.0844],[-37.6179,-11.0829],[-37.6144,-11.0807],[-37.614,-11.0767],[-37.6166,-11.0727],[-37.6185,-11.0678],[-37.6252,-11.067],[-37.6298,-11.0649],[-37.6359,-11.0625],[-37.6397,-11.0551],[-37.6427,-11.0467],[-37.6491,-11.0471],[-37.6542,-11.0448],[-37.6555,-11.0386],[-37.6607,-11.0348],[-37.6648,-11.036],[-37.666,-11.0325],[-37.67,-11.0313],[-37.6714,-11.0271],[-37.6726,-11.0238],[-37.6778,-11.0221],[-37.6821,-11.0234],[-37.6894,-11.0258],[-37.7192,-10.997],[-37.7438,-10.9892],[-37.7436,-10.9944],[-37.7456,-10.998],[-37.7403,-11.0011],[-37.7417,-11.0106],[-37.7525,-11.0083],[-37.7542,-11.0033],[-37.7601,-11.0068],[-37.7621,-11.0107],[-37.7666,-11.01],[-37.7682,-11.015],[-37.7726,-11.0161],[-37.7753,-11.0145],[-37.7738,-11.0111],[-37.7776,-11.0056],[-37.7824,-11.0103],[-37.7863,-11.0108],[-37.7923,-11.0178],[-37.7958,-11.0154],[-37.801,-11.0116],[-37.8073,-11.0116],[-37.8112,-11.005],[-37.814,-11.006],[-37.8187,-11.0059],[-37.8225,-11.0042],[-37.8228,-10.9956],[-37.8257,-10.9923],[-37.8289,-10.9881],[-37.8383,-10.9867],[-37.833,-10.9805],[-37.834,-10.9754],[-37.8385,-10.9749],[-37.8398,-10.9666],[-37.8398,-10.9616],[-37.8396,-10.9552],[-37.8356,-10.9533],[-37.8376,-10.949],[-37.8416,-10.9449],[-37.8446,-10.9383],[-37.8486,-10.9346],[-37.8532,-10.9324],[-37.8612,-10.9293],[-37.8681,-10.9227],[-37.8743,-10.9206],[-37.8735,-10.9157],[-37.8704,-10.9049],[-37.8666,-10.9004],[-37.8672,-10.8945],[-37.8682,-10.8908],[-37.8711,-10.8822],[-37.8728,-10.874],[-37.8743,-10.8661],[-37.8789,-10.8647],[-37.8839,-10.8668],[-37.889,-10.8701],[-37.8952,-10.8722],[-37.9019,-10.8725],[-37.9125,-10.8755],[-37.9234,-10.8799],[-37.9323,-10.8805],[-37.9396,-10.8842],[-37.9598,-10.9215],[-37.956,-10.9279],[-37.9551,-10.9356],[-37.9487,-10.9417],[-37.9438,-10.9459],[-37.9412,-10.9517],[-37.9379,-10.959],[-37.9373,-10.9639],[-37.9334,-10.9691],[-37.9348,-10.9747],[-37.9396,-10.9812],[-37.9439,-10.9826],[-37.9464,-10.981],[-37.947,-10.9909],[-37.9451,-10.997],[-37.9395,-11.0013],[-37.9335,-11.0041],[-37.9317,-11.0084],[-37.9259,-11.0146],[-37.9191,-11.0174],[-37.9112,-11.0261],[-37.9043,-11.0351],[-37.8956,-11.0415],[-37.8671,-11.0799],[-37.7934,-11.133]]]}},{"type":"Feature","properties":{"ibge":"2805901","nm":"RIACHUELO","cd":"32174","i":44},"geometry":{"type":"Polygon","coordinates":[[[-37.1614,-10.7514],[-37.1636,-10.744],[-37.1608,-10.7372],[-37.1647,-10.7342],[-37.1707,-10.7315],[-37.1683,-10.7262],[-37.1733,-10.724],[-37.1777,-10.7195],[-37.1806,-10.7196],[-37.1852,-10.7232],[-37.1891,-10.7267],[-37.1972,-10.7272],[-37.2032,-10.7247],[-37.2064,-10.7231],[-37.1989,-10.7206],[-37.2028,-10.7157],[-37.2035,-10.7083],[-37.2059,-10.7042],[-37.2035,-10.7011],[-37.2012,-10.6971],[-37.197,-10.6943],[-37.1958,-10.6913],[-37.1981,-10.6856],[-37.199,-10.6772],[-37.2287,-10.6779],[-37.2283,-10.683],[-37.2288,-10.6877],[-37.2274,-10.6906],[-37.2309,-10.6933],[-37.2296,-10.6975],[-37.2231,-10.7025],[-37.2257,-10.7075],[-37.2291,-10.7018],[-37.2325,-10.7046],[-37.2359,-10.7039],[-37.2379,-10.7084],[-37.2444,-10.7053],[-37.2479,-10.7089],[-37.2507,-10.7069],[-37.2521,-10.7036],[-37.2572,-10.7018],[-37.262,-10.7043],[-37.2642,-10.711],[-37.2708,-10.7145],[-37.2761,-10.7112],[-37.2813,-10.7192],[-37.2789,-10.724],[-37.2831,-10.7317],[-37.2815,-10.738],[-37.2753,-10.744],[-37.2692,-10.7493],[-37.2445,-10.7784],[-37.2422,-10.7752],[-37.2379,-10.7732],[-37.2327,-10.7654],[-37.2286,-10.7623],[-37.2195,-10.759],[-37.2175,-10.764],[-37.1614,-10.7514]]]}},{"type":"Feature","properties":{"ibge":"2806008","nm":"RIBEIRÓPOLIS","cd":"32190","i":66},"geometry":{"type":"Polygon","coordinates":[[[-37.3598,-10.4835],[-37.3614,-10.4759],[-37.3668,-10.4652],[-37.3693,-10.4566],[-37.37,-10.4494],[-37.4211,-10.4018],[-37.5475,-10.4618],[-37.5023,-10.5279],[-37.4597,-10.5943],[-37.4124,-10.5786],[-37.3934,-10.5786],[-37.3845,-10.5717],[-37.3771,-10.5671],[-37.3739,-10.5616],[-37.3639,-10.559],[-37.3641,-10.5551],[-37.3618,-10.5485],[-37.3563,-10.5466],[-37.3505,-10.544],[-37.3475,-10.5404],[-37.3381,-10.5412],[-37.3323,-10.543],[-37.3274,-10.5434],[-37.3247,-10.5416],[-37.3205,-10.5402],[-37.3468,-10.5068],[-37.3598,-10.4835]]]}},{"type":"Feature","properties":{"ibge":"2806107","nm":"ROSÁRIO DO CATETE","cd":"32212","i":62},"geometry":{"type":"Polygon","coordinates":[[[-37.0718,-10.6151],[-37.0919,-10.6408],[-37.0885,-10.6495],[-37.0907,-10.6551],[-37.09,-10.6601],[-37.0912,-10.6645],[-37.0906,-10.6704],[-37.0919,-10.6752],[-37.0894,-10.6782],[-37.0863,-10.6834],[-37.0764,-10.6846],[-37.0707,-10.6873],[-37.0647,-10.6902],[-37.0586,-10.6911],[-37.0554,-10.6984],[-37.0512,-10.7032],[-37.0686,-10.7478],[-37.0624,-10.745],[-37.0161,-10.7217],[-37.014,-10.7248],[-37.0051,-10.7276],[-37.0007,-10.7321],[-36.9941,-10.7304],[-36.986,-10.7354],[-36.9816,-10.734],[-36.975,-10.7318],[-36.9678,-10.7304],[-36.9609,-10.7238],[-36.9499,-10.7127],[-36.9691,-10.7056],[-36.9747,-10.702],[-36.9807,-10.7008],[-36.9888,-10.7037],[-37.0003,-10.6985],[-37.0064,-10.6945],[-37.0128,-10.69],[-37.0151,-10.6829],[-37.0125,-10.6795],[-37.0119,-10.6711],[-37.011,-10.6669],[-37.0101,-10.6616],[-37.011,-10.6536],[-37.0108,-10.6477],[-37.0113,-10.6413],[-37.054,-10.6215],[-37.0718,-10.6151]]]}},{"type":"Feature","properties":{"ibge":"2806206","nm":"SALGADO","cd":"32239","i":13},"geometry":{"type":"Polygon","coordinates":[[[-37.3888,-11.053],[-37.3928,-11.0484],[-37.3955,-11.0458],[-37.3978,-11.0425],[-37.4021,-11.0385],[-37.4046,-11.0326],[-37.4056,-11.0274],[-37.407,-11.0223],[-37.411,-11.0157],[-37.4145,-11.0088],[-37.4204,-11.0036],[-37.4247,-11.0032],[-37.4261,-10.9956],[-37.4265,-10.9884],[-37.4338,-10.9872],[-37.437,-10.9824],[-37.5197,-10.9603],[-37.5381,-11.0926],[-37.5498,-11.1402],[-37.5409,-11.1426],[-37.546,-11.1472],[-37.543,-11.1517],[-37.5495,-11.1545],[-37.5544,-11.1533],[-37.5517,-11.1602],[-37.5482,-11.1634],[-37.459,-11.1463],[-37.4368,-11.1232],[-37.4352,-11.1161],[-37.4374,-11.1137],[-37.4305,-11.1069],[-37.4364,-11.1002],[-37.4372,-11.0935],[-37.4224,-11.0762],[-37.3888,-11.053]]]}},{"type":"Feature","properties":{"ibge":"2806305","nm":"SANTA LUZIA DO ITANHY","cd":"32255","i":42},"geometry":{"type":"Polygon","coordinates":[[[-37.6024,-11.3889],[-37.5575,-11.4142],[-37.5477,-11.4154],[-37.5322,-11.4169],[-37.5252,-11.422],[-37.5195,-11.4193],[-37.5072,-11.414],[-37.5046,-11.4198],[-37.5036,-11.4257],[-37.5025,-11.4315],[-37.4962,-11.4376],[-37.4933,-11.443],[-37.4849,-11.444],[-37.4807,-11.4479],[-37.476,-11.4499],[-37.4714,-11.4491],[-37.4698,-11.4465],[-37.4626,-11.4482],[-37.4555,-11.4424],[-37.4473,-11.4423],[-37.445,-11.4332],[-37.4416,-11.4263],[-37.4276,-11.426],[-37.4211,-11.4302],[-37.4118,-11.4269],[-37.4101,-11.4161],[-37.408,-11.3997],[-37.3986,-11.3824],[-37.3889,-11.3654],[-37.3876,-11.3523],[-37.3807,-11.3455],[-37.3778,-11.3369],[-37.3819,-11.3241],[-37.392,-11.3193],[-37.4009,-11.3122],[-37.4073,-11.3012],[-37.415,-11.3007],[-37.4233,-11.3034],[-37.4257,-11.3081],[-37.4278,-11.3042],[-37.4345,-11.3036],[-37.4392,-11.3],[-37.4407,-11.2955],[-37.45,-11.2972],[-37.4535,-11.3018],[-37.4583,-11.3078],[-37.4638,-11.3096],[-37.4712,-11.3091],[-37.4772,-11.3086],[-37.4819,-11.3048],[-37.489,-11.3023],[-37.4954,-11.3041],[-37.5029,-11.3027],[-37.5075,-11.303],[-37.5154,-11.2992],[-37.5233,-11.2993],[-37.5278,-11.3035],[-37.5341,-11.3044],[-37.5454,-11.3036],[-37.5538,-11.3092],[-37.5605,-11.3147],[-37.5687,-11.3199],[-37.5748,-11.3228],[-37.5824,-11.326],[-37.5911,-11.3254],[-37.5952,-11.3311],[-37.5974,-11.3408],[-37.6076,-11.3394],[-37.6831,-11.3163],[-37.674,-11.3015],[-37.6753,-11.3232],[-37.6239,-11.3695],[-37.6024,-11.3889]],[[-37.635,-11.347],[-37.6384,-11.3555],[-37.6391,-11.3547],[-37.6359,-11.3408],[-37.6348,-11.3412],[-37.635,-11.347]],[[-37.6536,-11.3331],[-37.6594,-11.3237],[-37.6469,-11.3239],[-37.6536,-11.3331]]]}},{"type":"Feature","properties":{"ibge":"2806404","nm":"SANTANA DO SÃO FRANCISCO","cd":"31003","i":51},"geometry":{"type":"Polygon","coordinates":[[[-36.5873,-10.3013],[-36.6005,-10.2901],[-36.6059,-10.2784],[-36.6131,-10.2675],[-36.6215,-10.2564],[-36.6275,-10.253],[-36.6386,-10.252],[-36.6497,-10.2622],[-36.6593,-10.2684],[-36.6699,-10.2678],[-36.6837,-10.2708],[-36.603,-10.3068],[-36.5873,-10.3013]]]}},{"type":"Feature","properties":{"ibge":"2806503","nm":"SANTA ROSA DE LIMA","cd":"32298","i":50},"geometry":{"type":"Polygon","coordinates":[[[-37.2304,-10.6743],[-37.1981,-10.676],[-37.1922,-10.6766],[-37.1902,-10.6696],[-37.1927,-10.6662],[-37.1868,-10.661],[-37.1895,-10.6574],[-37.1815,-10.6542],[-37.1832,-10.6488],[-37.1803,-10.6445],[-37.1849,-10.64],[-37.1879,-10.6326],[-37.1928,-10.6269],[-37.2004,-10.6276],[-37.2041,-10.6242],[-37.2084,-10.6212],[-37.2123,-10.6167],[-37.2167,-10.6164],[-37.2168,-10.6139],[-37.2204,-10.6105],[-37.2234,-10.6085],[-37.2289,-10.6064],[-37.2357,-10.6037],[-37.2387,-10.5995],[-37.2429,-10.5988],[-37.2459,-10.5934],[-37.2522,-10.5953],[-37.2569,-10.592],[-37.2627,-10.5878],[-37.2702,-10.5877],[-37.2785,-10.5866],[-37.2847,-10.5913],[-37.2932,-10.5945],[-37.2918,-10.6112],[-37.2869,-10.6146],[-37.2814,-10.618],[-37.2798,-10.6252],[-37.2802,-10.6301],[-37.2782,-10.6331],[-37.2748,-10.6341],[-37.2705,-10.6334],[-37.2672,-10.636],[-37.2647,-10.6422],[-37.2607,-10.6436],[-37.2561,-10.6496],[-37.2503,-10.6488],[-37.244,-10.6533],[-37.2467,-10.6595],[-37.2435,-10.6619],[-37.2387,-10.6637],[-37.2339,-10.6694],[-37.2318,-10.6733],[-37.2304,-10.6743]]]}},{"type":"Feature","properties":{"ibge":"2806602","nm":"SANTO AMARO DAS BROTAS","cd":"32310","i":43},"geometry":{"type":"Polygon","coordinates":[[[-37.0649,-10.823],[-37.0458,-10.8259],[-37.0284,-10.8474],[-37.0353,-10.8752],[-37.0316,-10.8864],[-37.0257,-10.8826],[-37.0184,-10.8769],[-37.0149,-10.8698],[-37.0148,-10.8636],[-37.0076,-10.8631],[-37.0012,-10.8614],[-36.9935,-10.8568],[-36.9881,-10.8514],[-36.9816,-10.8465],[-36.9834,-10.8391],[-36.9876,-10.8361],[-36.9832,-10.8329],[-36.9813,-10.8356],[-36.9774,-10.8321],[-36.9684,-10.8329],[-36.9649,-10.8227],[-36.9623,-10.8178],[-36.9603,-10.8153],[-36.9592,-10.8073],[-36.9544,-10.8053],[-36.9489,-10.7997],[-36.9425,-10.7963],[-36.9376,-10.794],[-36.936,-10.7869],[-36.9334,-10.7885],[-36.9279,-10.7899],[-36.9248,-10.7875],[-36.922,-10.7858],[-36.9141,-10.7797],[-36.9067,-10.7764],[-36.9043,-10.774],[-36.8927,-10.7624],[-36.8857,-10.7525],[-36.8813,-10.7431],[-36.8751,-10.7392],[-36.8686,-10.7365],[-36.8684,-10.7348],[-36.8671,-10.7315],[-36.8701,-10.7271],[-36.8693,-10.7223],[-36.8692,-10.7178],[-36.8702,-10.7127],[-36.8728,-10.71],[-36.8731,-10.7061],[-36.8754,-10.7081],[-36.8749,-10.7043],[-36.8768,-10.6978],[-36.8801,-10.6954],[-36.8834,-10.6969],[-36.8892,-10.6965],[-36.8839,-10.6993],[-36.89,-10.7001],[-36.8918,-10.7031],[-36.8954,-10.7055],[-36.8994,-10.7033],[-36.8993,-10.699],[-36.8994,-10.6947],[-36.9045,-10.6946],[-36.9092,-10.7005],[-36.911,-10.7035],[-36.9146,-10.6999],[-36.9196,-10.697],[-36.9179,-10.6897],[-36.9166,-10.6856],[-36.9368,-10.6979],[-36.9499,-10.7127],[-36.9609,-10.7238],[-36.9678,-10.7304],[-36.975,-10.7318],[-36.9816,-10.734],[-36.986,-10.7354],[-36.9941,-10.7304],[-37.0007,-10.7321],[-37.0051,-10.7276],[-37.014,-10.7248],[-37.0161,-10.7217],[-37.0624,-10.745],[-37.0686,-10.7478],[-37.0701,-10.7549],[-37.0694,-10.7618],[-37.0678,-10.7682],[-37.0729,-10.7764],[-37.0776,-10.7767],[-37.0882,-10.7832],[-37.0887,-10.7959],[-37.0753,-10.8075],[-37.0649,-10.823]]]}},{"type":"Feature","properties":{"ibge":"2806701","nm":"SÃO CRISTÓVÃO","cd":"32336","i":25},"geometry":{"type":"Polygon","coordinates":[[[-37.1021,-10.9171],[-37.109,-10.9149],[-37.1304,-10.9216],[-37.146,-10.9287],[-37.155,-10.9218],[-37.161,-10.9235],[-37.1669,-10.9154],[-37.1708,-10.914],[-37.1711,-10.9082],[-37.1736,-10.9034],[-37.1768,-10.8981],[-37.1842,-10.8961],[-37.1879,-10.8884],[-37.1917,-10.8862],[-37.1974,-10.8891],[-37.2023,-10.8842],[-37.2049,-10.879],[-37.2068,-10.8747],[-37.2142,-10.8762],[-37.2211,-10.8751],[-37.2266,-10.8721],[-37.2345,-10.869],[-37.2415,-10.8652],[-37.2478,-10.8588],[-37.2486,-10.8546],[-37.2542,-10.8548],[-37.2613,-10.8509],[-37.265,-10.8477],[-37.2698,-10.85],[-37.2754,-10.8515],[-37.2854,-10.8506],[-37.292,-10.8505],[-37.2965,-10.8477],[-37.3012,-10.8424],[-37.3073,-10.8329],[-37.3171,-10.8325],[-37.3291,-10.9218],[-37.3289,-10.9355],[-37.335,-10.9437],[-37.3338,-10.9516],[-37.3318,-10.9586],[-37.3312,-10.9645],[-37.3267,-10.9668],[-37.3233,-10.9698],[-37.3263,-10.9727],[-37.3275,-10.9767],[-37.321,-10.9804],[-37.3075,-10.9834],[-37.3026,-10.9874],[-37.3053,-10.9924],[-37.3022,-10.9978],[-37.3018,-11.007],[-37.2972,-11.0128],[-37.2971,-11.0149],[-37.2953,-11.0173],[-37.2924,-11.0158],[-37.2874,-11.0142],[-37.2836,-11.0218],[-37.2806,-11.0285],[-37.2733,-11.029],[-37.2669,-11.0311],[-37.2591,-11.0355],[-37.2503,-11.0352],[-37.2381,-11.0383],[-37.2272,-11.0406],[-37.2257,-11.0515],[-37.2217,-11.0734],[-37.2048,-11.0859],[-37.1933,-11.0903],[-37.174,-11.0994],[-37.1626,-11.1008],[-37.1679,-11.0888],[-37.1737,-11.0803],[-37.1648,-11.0643],[-37.1556,-11.0547],[-37.146,-11.0577],[-37.1391,-11.0629],[-37.1121,-10.9938],[-37.1021,-10.9171]]]}},{"type":"Feature","properties":{"ibge":"2806800","nm":"SÃO DOMINGOS","cd":"32352","i":65},"geometry":{"type":"Polygon","coordinates":[[[-37.6175,-10.7128],[-37.6187,-10.7156],[-37.6253,-10.7229],[-37.6296,-10.7252],[-37.6322,-10.7322],[-37.629,-10.7383],[-37.6333,-10.7474],[-37.6287,-10.7488],[-37.6226,-10.748],[-37.6194,-10.7531],[-37.6161,-10.755],[-37.6121,-10.7613],[-37.6073,-10.7675],[-37.605,-10.7751],[-37.6022,-10.7769],[-37.604,-10.788],[-37.6096,-10.7896],[-37.6143,-10.7982],[-37.6112,-10.8058],[-37.611,-10.8105],[-37.6001,-10.8144],[-37.5954,-10.8257],[-37.5888,-10.8296],[-37.5821,-10.8361],[-37.5731,-10.8395],[-37.5646,-10.8352],[-37.56,-10.8377],[-37.5547,-10.8392],[-37.548,-10.8369],[-37.5429,-10.836],[-37.5392,-10.8402],[-37.5316,-10.8398],[-37.5211,-10.8439],[-37.5119,-10.8436],[-37.5103,-10.8372],[-37.5087,-10.8347],[-37.5042,-10.8343],[-37.4981,-10.8348],[-37.4974,-10.8324],[-37.5017,-10.8283],[-37.5054,-10.8255],[-37.5116,-10.8255],[-37.5154,-10.824],[-37.5218,-10.821],[-37.5245,-10.819],[-37.5203,-10.8146],[-37.5217,-10.8112],[-37.5245,-10.8099],[-37.5212,-10.8057],[-37.517,-10.8034],[-37.5165,-10.7985],[-37.5228,-10.7998],[-37.5202,-10.7951],[-37.5234,-10.7922],[-37.5303,-10.7898],[-37.5266,-10.7867],[-37.5306,-10.785],[-37.5351,-10.7845],[-37.5385,-10.782],[-37.5423,-10.7817],[-37.5496,-10.7836],[-37.5557,-10.7821],[-37.5598,-10.7787],[-37.5638,-10.7721],[-37.565,-10.7646],[-37.56,-10.7573],[-37.5859,-10.7164],[-37.5865,-10.7101],[-37.5887,-10.7057],[-37.5898,-10.7013],[-37.595,-10.6957],[-37.6008,-10.6957],[-37.6059,-10.6951],[-37.6061,-10.7043],[-37.6076,-10.7069],[-37.6104,-10.7121],[-37.6147,-10.7126],[-37.6175,-10.7128]]]}},{"type":"Feature","properties":{"ibge":"2806909","nm":"SÃO FRANCISCO","cd":"32379","i":73},"geometry":{"type":"Polygon","coordinates":[[[-36.9027,-10.3242],[-36.9126,-10.3695],[-36.9158,-10.3934],[-36.9094,-10.3992],[-36.9031,-10.3988],[-36.8969,-10.3921],[-36.8916,-10.386],[-36.8564,-10.3823],[-36.8459,-10.3704],[-36.8421,-10.3598],[-36.8447,-10.3523],[-36.8459,-10.3465],[-36.8437,-10.3409],[-36.8392,-10.3365],[-36.8326,-10.3324],[-36.8277,-10.3301],[-36.8221,-10.3279],[-36.8144,-10.3279],[-36.8074,-10.3289],[-36.8189,-10.308],[-36.822,-10.3035],[-36.8194,-10.2989],[-36.8211,-10.2957],[-36.8282,-10.2943],[-36.8342,-10.2916],[-36.8367,-10.2885],[-36.8368,-10.2824],[-36.8413,-10.2793],[-36.8415,-10.2743],[-36.8414,-10.2688],[-36.8444,-10.2619],[-36.8493,-10.2673],[-36.8518,-10.2744],[-36.8593,-10.2798],[-36.8676,-10.2873],[-36.8732,-10.2962],[-36.8834,-10.2985],[-36.8945,-10.3138],[-36.9027,-10.3242]]]}},{"type":"Feature","properties":{"ibge":"2807006","nm":"SÃO MIGUEL DO ALEIXO","cd":"32395","i":64},"geometry":{"type":"Polygon","coordinates":[[[-37.4104,-10.4168],[-37.3682,-10.4517],[-37.37,-10.4591],[-37.3658,-10.4708],[-37.3605,-10.4773],[-37.3529,-10.4868],[-37.3495,-10.4916],[-37.2757,-10.4627],[-37.2823,-10.4633],[-37.2891,-10.4672],[-37.2916,-10.4612],[-37.2902,-10.4554],[-37.2905,-10.4502],[-37.2935,-10.4497],[-37.2952,-10.4404],[-37.2922,-10.4361],[-37.2974,-10.4345],[-37.3037,-10.4335],[-37.3076,-10.425],[-37.3121,-10.4303],[-37.3203,-10.4343],[-37.3266,-10.4325],[-37.3329,-10.4296],[-37.3328,-10.4238],[-37.3268,-10.423],[-37.3253,-10.4186],[-37.3297,-10.4183],[-37.3293,-10.4137],[-37.3341,-10.4055],[-37.335,-10.3997],[-37.3442,-10.3989],[-37.3483,-10.3996],[-37.3456,-10.3947],[-37.3425,-10.3887],[-37.3412,-10.3842],[-37.349,-10.3844],[-37.3491,-10.3735],[-37.3523,-10.3687],[-37.3562,-10.3666],[-37.3527,-10.3623],[-37.3489,-10.3623],[-37.3445,-10.3615],[-37.346,-10.3569],[-37.3493,-10.3535],[-37.351,-10.3484],[-37.3527,-10.3454],[-37.3599,-10.3428],[-37.3608,-10.3374],[-37.3561,-10.336],[-37.3614,-10.3323],[-37.3627,-10.3281],[-37.368,-10.3298],[-37.3697,-10.3281],[-37.3737,-10.3257],[-37.3754,-10.3242],[-37.3759,-10.3193],[-37.3787,-10.3158],[-37.384,-10.3172],[-37.3894,-10.318],[-37.3908,-10.3134],[-37.3868,-10.3091],[-37.3877,-10.3043],[-37.3854,-10.2992],[-37.3873,-10.2952],[-37.391,-10.291],[-37.3944,-10.2896],[-37.3945,-10.2856],[-37.393,-10.2809],[-37.3912,-10.2772],[-37.3899,-10.2739],[-37.3913,-10.2676],[-37.3919,-10.2641],[-37.3971,-10.2569],[-37.4059,-10.2541],[-37.4037,-10.2806],[-37.4033,-10.2881],[-37.4047,-10.2982],[-37.4061,-10.3092],[-37.4056,-10.3169],[-37.4081,-10.3238],[-37.4117,-10.3323],[-37.4115,-10.3408],[-37.4125,-10.3474],[-37.4098,-10.3555],[-37.4104,-10.4168]]]}},{"type":"Feature","properties":{"ibge":"2807105","nm":"SIMÃO DIAS","cd":"32417","i":14},"geometry":{"type":"Polygon","coordinates":[[[-37.8063,-10.6005],[-37.8085,-10.6081],[-37.8095,-10.6131],[-37.8116,-10.6199],[-37.8114,-10.6254],[-37.8156,-10.6305],[-37.8075,-10.6394],[-37.8097,-10.6487],[-37.803,-10.6522],[-37.8108,-10.6637],[-37.8112,-10.6719],[-37.8085,-10.6811],[-37.8099,-10.6888],[-37.8251,-10.6835],[-37.8333,-10.6811],[-37.8374,-10.6855],[-37.8475,-10.6993],[-37.8683,-10.703],[-37.8731,-10.7008],[-37.8739,-10.7053],[-37.8989,-10.7118],[-37.9282,-10.7376],[-37.9372,-10.7463],[-37.9429,-10.7539],[-37.9495,-10.7517],[-37.9583,-10.7541],[-37.9642,-10.7576],[-37.9694,-10.8077],[-37.9729,-10.8804],[-37.9388,-10.882],[-37.9297,-10.8805],[-37.9211,-10.8788],[-37.9113,-10.8756],[-37.8992,-10.8728],[-37.893,-10.8707],[-37.8886,-10.8686],[-37.881,-10.8666],[-37.877,-10.8634],[-37.8284,-10.859],[-37.8129,-10.8657],[-37.8103,-10.8591],[-37.807,-10.8489],[-37.806,-10.8435],[-37.8013,-10.8369],[-37.7666,-10.8192],[-37.7469,-10.8039],[-37.7372,-10.7995],[-37.7305,-10.7946],[-37.725,-10.7864],[-37.7233,-10.7797],[-37.7208,-10.7671],[-37.7113,-10.7496],[-37.7095,-10.7427],[-37.7075,-10.7382],[-37.7017,-10.7365],[-37.6956,-10.7354],[-37.6927,-10.7346],[-37.6866,-10.7298],[-37.6828,-10.7291],[-37.6786,-10.7266],[-37.68,-10.7199],[-37.6774,-10.7154],[-37.6847,-10.7089],[-37.6809,-10.7051],[-37.6739,-10.7026],[-37.6764,-10.6972],[-37.6831,-10.6957],[-37.6861,-10.69],[-37.6847,-10.683],[-37.6912,-10.6847],[-37.6968,-10.6807],[-37.7034,-10.6769],[-37.7029,-10.6712],[-37.7072,-10.6687],[-37.7117,-10.6712],[-37.7134,-10.6658],[-37.708,-10.6597],[-37.7036,-10.6545],[-37.6991,-10.6487],[-37.6937,-10.6394],[-37.7003,-10.6414],[-37.7041,-10.6348],[-37.708,-10.6356],[-37.7129,-10.642],[-37.7182,-10.6448],[-37.7217,-10.637],[-37.7251,-10.632],[-37.7341,-10.6314],[-37.7407,-10.6316],[-37.7472,-10.6253],[-37.7538,-10.6239],[-37.7662,-10.6194],[-37.767,-10.6066],[-37.7756,-10.6017],[-37.7853,-10.6009],[-37.7908,-10.5958],[-37.7994,-10.5916],[-37.8046,-10.5991],[-37.8063,-10.6005]]]}},{"type":"Feature","properties":{"ibge":"2807204","nm":"SIRIRI","cd":"32433","i":72},"geometry":{"type":"Polygon","coordinates":[[[-37.0919,-10.6408],[-37.0718,-10.6151],[-37.0691,-10.6112],[-37.0651,-10.6064],[-37.0652,-10.6025],[-37.0656,-10.5985],[-37.0654,-10.5953],[-37.0684,-10.5907],[-37.0736,-10.5888],[-37.077,-10.5842],[-37.0744,-10.5782],[-37.0695,-10.575],[-37.0703,-10.5708],[-37.0735,-10.5632],[-37.0732,-10.5577],[-37.0704,-10.5521],[-37.0683,-10.5461],[-37.0661,-10.5409],[-37.0666,-10.5328],[-37.1024,-10.5306],[-37.1027,-10.5226],[-37.1025,-10.5193],[-37.1015,-10.5114],[-37.1045,-10.5029],[-37.1112,-10.4959],[-37.114,-10.4852],[-37.1186,-10.4797],[-37.1245,-10.4752],[-37.1311,-10.4723],[-37.1387,-10.4701],[-37.1604,-10.5348],[-37.1708,-10.5706],[-37.1756,-10.5759],[-37.1779,-10.5816],[-37.1831,-10.5842],[-37.1868,-10.5888],[-37.1901,-10.591],[-37.1942,-10.5921],[-37.1971,-10.5961],[-37.2016,-10.599],[-37.2042,-10.6026],[-37.206,-10.6068],[-37.1505,-10.6208],[-37.1555,-10.6242],[-37.1554,-10.6274],[-37.1497,-10.6269],[-37.1464,-10.6249],[-37.1454,-10.638],[-37.1413,-10.6457],[-37.1329,-10.6516],[-37.1255,-10.6479],[-37.1181,-10.6478],[-37.1083,-10.6439],[-37.1033,-10.6439],[-37.0974,-10.6434],[-37.0936,-10.6394],[-37.0919,-10.6408]]]}},{"type":"Feature","properties":{"ibge":"2807303","nm":"TELHA","cd":"32450","i":16},"geometry":{"type":"Polygon","coordinates":[[[-36.929,-10.2228],[-36.8672,-10.2058],[-36.8562,-10.1762],[-36.8486,-10.1891],[-36.8465,-10.1875],[-36.8523,-10.1722],[-36.8607,-10.1604],[-36.8669,-10.1532],[-36.8699,-10.1471],[-36.8759,-10.147],[-36.9053,-10.1762],[-36.929,-10.2228]]]}},{"type":"Feature","properties":{"ibge":"2807402","nm":"TOBIAS BARRETO","cd":"32476","i":31},"geometry":{"type":"Polygon","coordinates":[[[-38.1806,-10.9428],[-38.18,-10.9475],[-38.1811,-10.9525],[-38.1864,-10.9615],[-38.1858,-10.965],[-38.1801,-10.9683],[-38.1802,-10.9751],[-38.1762,-10.9798],[-38.1694,-10.9887],[-38.1631,-10.9922],[-38.1552,-10.9953],[-38.1493,-11.002],[-38.1443,-11.0016],[-38.1403,-11.0065],[-38.1378,-11.0117],[-38.1334,-11.0148],[-38.1299,-11.0189],[-38.1242,-11.0157],[-38.1245,-11.0094],[-38.1178,-11.0078],[-38.1113,-11.0103],[-38.105,-11.0136],[-38.1022,-11.0194],[-38.105,-11.0238],[-38.1033,-11.0279],[-38.1009,-11.0324],[-38.1,-11.0369],[-38.1015,-11.0408],[-38.0992,-11.0449],[-38.094,-11.0501],[-38.0901,-11.0539],[-38.0908,-11.0587],[-38.0855,-11.0605],[-38.0846,-11.0662],[-38.0791,-11.0689],[-38.077,-11.0742],[-38.0751,-11.0771],[-38.0807,-11.0835],[-38.0825,-11.09],[-38.0879,-11.0991],[-38.0927,-11.0987],[-38.0926,-11.1038],[-38.0896,-11.1061],[-38.0888,-11.1157],[-38.085,-11.1162],[-38.0798,-11.1182],[-38.0688,-11.1188],[-38.0656,-11.1229],[-38.0655,-11.1313],[-38.0675,-11.1353],[-38.0701,-11.1395],[-38.0659,-11.1491],[-38.0669,-11.1543],[-38.0658,-11.1591],[-38.0602,-11.1659],[-38.0567,-11.1707],[-38.0543,-11.1726],[-38.0485,-11.1761],[-38.0469,-11.1816],[-38.0409,-11.1786],[-38.0365,-11.1799],[-38.0313,-11.1782],[-38.0248,-11.1776],[-38.0195,-11.1811],[-38.0169,-11.1831],[-38.0101,-11.189],[-38.0055,-11.1919],[-38.0006,-11.1943],[-37.9955,-11.191],[-37.9867,-11.196],[-37.9847,-11.1926],[-37.9797,-11.1916],[-37.9737,-11.1937],[-37.9765,-11.1975],[-37.9813,-11.1992],[-37.9795,-11.2054],[-37.9818,-11.21],[-37.9769,-11.2146],[-37.9774,-11.2215],[-37.9822,-11.2221],[-37.9881,-11.2272],[-37.9884,-11.2317],[-37.9858,-11.2374],[-37.9928,-11.2378],[-37.992,-11.243],[-37.9902,-11.2486],[-37.985,-11.2464],[-37.9852,-11.2518],[-37.9936,-11.2556],[-37.9944,-11.2622],[-37.9908,-11.2665],[-37.9873,-11.2714],[-37.993,-11.2756],[-37.9922,-11.2788],[-37.9994,-11.2833],[-38.0056,-11.2864],[-38.0148,-11.2857],[-38.0109,-11.2945],[-38.0048,-11.294],[-38.0021,-11.2988],[-38.0014,-11.303],[-37.9975,-11.3078],[-37.9953,-11.3121],[-37.9917,-11.3128],[-37.9904,-11.3209],[-37.9949,-11.3217],[-37.998,-11.3236],[-37.9924,-11.3274],[-37.9877,-11.3317],[-37.9946,-11.3352],[-37.9994,-11.3376],[-37.9978,-11.3406],[-37.9922,-11.3436],[-37.9863,-11.342],[-37.9822,-11.3479],[-37.9796,-11.3429],[-37.9761,-11.338],[-37.9677,-11.3194],[-37.9679,-11.3097],[-37.96,-11.3079],[-37.9553,-11.3078],[-37.9504,-11.3065],[-37.9512,-11.295],[-37.936,-11.2799],[-37.9366,-11.2733],[-37.9265,-11.2536],[-37.9166,-11.2369],[-37.8868,-11.213],[-37.879,-11.2167],[-37.873,-11.2172],[-37.8675,-11.2187],[-37.8676,-11.2139],[-37.8678,-11.2084],[-37.8689,-11.2049],[-37.8697,-11.1981],[-37.874,-11.1942],[-37.8614,-11.1739],[-37.8055,-11.1401],[-37.8671,-11.0799],[-37.8956,-11.0415],[-37.9043,-11.0351],[-37.9112,-11.0261],[-37.9191,-11.0174],[-37.9259,-11.0146],[-37.9317,-11.0084],[-37.9335,-11.0041],[-37.9395,-11.0013],[-37.9451,-10.997],[-37.947,-10.9909],[-37.9464,-10.981],[-37.9439,-10.9826],[-37.9396,-10.9812],[-37.9348,-10.9747],[-37.9334,-10.9691],[-37.9373,-10.9639],[-37.9379,-10.959],[-37.9412,-10.9517],[-37.9438,-10.9459],[-37.9487,-10.9417],[-37.9551,-10.9356],[-37.956,-10.9279],[-37.9598,-10.9215],[-37.9702,-10.8248],[-37.9798,-10.8222],[-37.9878,-10.8206],[-37.9988,-10.8192],[-38.0061,-10.8195],[-38.0166,-10.818],[-38.0201,-10.8152],[-38.0279,-10.8149],[-38.0362,-10.8171],[-38.0484,-10.8183],[-38.0567,-10.8173],[-38.0614,-10.8182],[-38.067,-10.8194],[-38.0722,-10.819],[-38.0788,-10.822],[-38.0827,-10.8224],[-38.0859,-10.8245],[-38.091,-10.8258],[-38.0958,-10.8274],[-38.0981,-10.8304],[-38.1032,-10.8307],[-38.1054,-10.834],[-38.1099,-10.8365],[-38.1166,-10.8371],[-38.1197,-10.8451],[-38.1232,-10.8482],[-38.1259,-10.8547],[-38.1259,-10.8572],[-38.1245,-10.859],[-38.1221,-10.8615],[-38.12,-10.8695],[-38.1233,-10.8797],[-38.1251,-10.8846],[-38.1307,-10.8934],[-38.1362,-10.8958],[-38.1403,-10.9006],[-38.1482,-10.9001],[-38.1545,-10.8996],[-38.1604,-10.9025],[-38.1612,-10.9072],[-38.1625,-10.9152],[-38.1633,-10.9206],[-38.1698,-10.9239],[-38.1704,-10.931],[-38.1695,-10.9377],[-38.1697,-10.9411],[-38.1747,-10.9404],[-38.1806,-10.9428]]]}},{"type":"Feature","properties":{"ibge":"2807501","nm":"TOMAR DO GERU","cd":"32492","i":46},"geometry":{"type":"Polygon","coordinates":[[[-37.7614,-11.4055],[-37.7621,-11.3999],[-37.7607,-11.3942],[-37.7647,-11.3901],[-37.7689,-11.3901],[-37.7697,-11.3836],[-37.7709,-11.3768],[-37.7778,-11.378],[-37.7822,-11.3737],[-37.786,-11.3698],[-37.7868,-11.3635],[-37.7883,-11.3599],[-37.7908,-11.3549],[-37.791,-11.3486],[-37.7953,-11.3451],[-37.801,-11.3411],[-37.8081,-11.3364],[-37.8125,-11.3327],[-37.8153,-11.3273],[-37.8168,-11.3225],[-37.8203,-11.319],[-37.8278,-11.3206],[-37.8332,-11.3159],[-37.8391,-11.3118],[-37.8431,-11.3074],[-37.8469,-11.3041],[-37.8487,-11.2992],[-37.8529,-11.299],[-37.8572,-11.2981],[-37.8632,-11.2994],[-37.8662,-11.294],[-37.8692,-11.2886],[-37.8721,-11.2839],[-37.8752,-11.2866],[-37.8815,-11.2864],[-37.8859,-11.2806],[-37.8918,-11.2792],[-37.897,-11.2761],[-37.9004,-11.2766],[-37.9079,-11.2799],[-37.9131,-11.2868],[-37.917,-11.2891],[-37.9241,-11.282],[-37.9311,-11.2792],[-37.9355,-11.2708],[-37.9366,-11.2733],[-37.936,-11.2799],[-37.9512,-11.295],[-37.9504,-11.3065],[-37.9553,-11.3078],[-37.96,-11.3079],[-37.9679,-11.3097],[-37.9677,-11.3194],[-37.9761,-11.338],[-37.9796,-11.3429],[-37.9822,-11.3479],[-37.981,-11.3555],[-37.9779,-11.3607],[-37.9764,-11.3669],[-37.9725,-11.3734],[-37.9686,-11.3774],[-37.9706,-11.382],[-37.9769,-11.3845],[-37.9803,-11.388],[-37.9778,-11.3927],[-37.9709,-11.3903],[-37.9648,-11.3931],[-37.9657,-11.4019],[-37.9609,-11.3993],[-37.9564,-11.396],[-37.9522,-11.3979],[-37.9516,-11.4049],[-37.9558,-11.4073],[-37.9448,-11.4158],[-37.9433,-11.4208],[-37.9425,-11.4243],[-37.9364,-11.4217],[-37.9357,-11.4137],[-37.9321,-11.4128],[-37.9285,-11.4073],[-37.9277,-11.4014],[-37.92,-11.404],[-37.9147,-11.4068],[-37.9086,-11.4099],[-37.9048,-11.4094],[-37.9063,-11.4198],[-37.9046,-11.4242],[-37.9066,-11.4274],[-37.9006,-11.4288],[-37.8999,-11.4375],[-37.8933,-11.4337],[-37.887,-11.4311],[-37.8847,-11.4271],[-37.8783,-11.4256],[-37.8661,-11.4271],[-37.8708,-11.4281],[-37.8789,-11.4302],[-37.879,-11.4347],[-37.8739,-11.4352],[-37.8679,-11.4386],[-37.8669,-11.4426],[-37.8585,-11.4433],[-37.8537,-11.4401],[-37.8482,-11.442],[-37.8519,-11.4466],[-37.8559,-11.4525],[-37.8633,-11.4531],[-37.8637,-11.4586],[-37.8643,-11.4666],[-37.8605,-11.4686],[-37.8535,-11.4675],[-37.8478,-11.4697],[-37.8414,-11.476],[-37.8406,-11.4804],[-37.8376,-11.482],[-37.832,-11.4812],[-37.8297,-11.475],[-37.8232,-11.4718],[-37.8184,-11.469],[-37.8154,-11.4652],[-37.8115,-11.4578],[-37.808,-11.4546],[-37.808,-11.446],[-37.8069,-11.4421],[-37.8092,-11.4356],[-37.8034,-11.4312],[-37.7997,-11.4277],[-37.7923,-11.4233],[-37.7897,-11.4195],[-37.7877,-11.4121],[-37.7786,-11.4166],[-37.7727,-11.4162],[-37.7697,-11.4125],[-37.7664,-11.4084],[-37.7629,-11.4055],[-37.7614,-11.4055]]]}},{"type":"Feature","properties":{"ibge":"2807600","nm":"UMBAÚBA","cd":"32514","i":30},"geometry":{"type":"Polygon","coordinates":[[[-37.6562,-11.3404],[-37.6751,-11.3442],[-37.6758,-11.3363],[-37.6677,-11.334],[-37.6753,-11.3232],[-37.6815,-11.3197],[-37.6921,-11.3081],[-37.7301,-11.4016],[-37.7246,-11.3996],[-37.7211,-11.4056],[-37.7169,-11.4096],[-37.7115,-11.413],[-37.7047,-11.4145],[-37.702,-11.4212],[-37.6979,-11.4217],[-37.6923,-11.4244],[-37.6909,-11.4293],[-37.6884,-11.433],[-37.6848,-11.4365],[-37.6825,-11.4386],[-37.6829,-11.4422],[-37.6784,-11.4458],[-37.6751,-11.4498],[-37.6732,-11.4543],[-37.6736,-11.4594],[-37.6732,-11.4657],[-37.6744,-11.4697],[-37.6752,-11.4749],[-37.6706,-11.477],[-37.6663,-11.4804],[-37.6616,-11.4823],[-37.6555,-11.4817],[-37.6527,-11.4826],[-37.6024,-11.3889],[-37.6562,-11.3404]]]}}]}